--
-- PostgreSQL database dump
--

SET statement_timeout = 0;
SET client_encoding = 'SQL_ASCII';
SET standard_conforming_strings = on;
SET check_function_bodies = false;
SET client_min_messages = warning;

--
-- Name: plpgsql; Type: EXTENSION; Schema: -; Owner: 
--

CREATE EXTENSION IF NOT EXISTS plpgsql WITH SCHEMA pg_catalog;


--
-- Name: EXTENSION plpgsql; Type: COMMENT; Schema: -; Owner: 
--

COMMENT ON EXTENSION plpgsql IS 'PL/pgSQL procedural language';


SET search_path = public, pg_catalog;

SET default_tablespace = '';

SET default_with_oids = false;

--
-- Name: auth_group; Type: TABLE; Schema: public; Owner: postgres; Tablespace: 
--

CREATE TABLE auth_group (
    id integer NOT NULL,
    name character varying(80) NOT NULL
);


ALTER TABLE public.auth_group OWNER TO postgres;

--
-- Name: auth_group_id_seq; Type: SEQUENCE; Schema: public; Owner: postgres
--

CREATE SEQUENCE auth_group_id_seq
    START WITH 1
    INCREMENT BY 1
    NO MINVALUE
    NO MAXVALUE
    CACHE 1;


ALTER TABLE public.auth_group_id_seq OWNER TO postgres;

--
-- Name: auth_group_id_seq; Type: SEQUENCE OWNED BY; Schema: public; Owner: postgres
--

ALTER SEQUENCE auth_group_id_seq OWNED BY auth_group.id;


--
-- Name: auth_group_permissions; Type: TABLE; Schema: public; Owner: postgres; Tablespace: 
--

CREATE TABLE auth_group_permissions (
    id integer NOT NULL,
    group_id integer NOT NULL,
    permission_id integer NOT NULL
);


ALTER TABLE public.auth_group_permissions OWNER TO postgres;

--
-- Name: auth_group_permissions_id_seq; Type: SEQUENCE; Schema: public; Owner: postgres
--

CREATE SEQUENCE auth_group_permissions_id_seq
    START WITH 1
    INCREMENT BY 1
    NO MINVALUE
    NO MAXVALUE
    CACHE 1;


ALTER TABLE public.auth_group_permissions_id_seq OWNER TO postgres;

--
-- Name: auth_group_permissions_id_seq; Type: SEQUENCE OWNED BY; Schema: public; Owner: postgres
--

ALTER SEQUENCE auth_group_permissions_id_seq OWNED BY auth_group_permissions.id;


--
-- Name: auth_permission; Type: TABLE; Schema: public; Owner: postgres; Tablespace: 
--

CREATE TABLE auth_permission (
    id integer NOT NULL,
    name character varying(50) NOT NULL,
    content_type_id integer NOT NULL,
    codename character varying(100) NOT NULL
);


ALTER TABLE public.auth_permission OWNER TO postgres;

--
-- Name: auth_permission_id_seq; Type: SEQUENCE; Schema: public; Owner: postgres
--

CREATE SEQUENCE auth_permission_id_seq
    START WITH 1
    INCREMENT BY 1
    NO MINVALUE
    NO MAXVALUE
    CACHE 1;


ALTER TABLE public.auth_permission_id_seq OWNER TO postgres;

--
-- Name: auth_permission_id_seq; Type: SEQUENCE OWNED BY; Schema: public; Owner: postgres
--

ALTER SEQUENCE auth_permission_id_seq OWNED BY auth_permission.id;


--
-- Name: auth_user; Type: TABLE; Schema: public; Owner: postgres; Tablespace: 
--

CREATE TABLE auth_user (
    id integer NOT NULL,
    password character varying(128) NOT NULL,
    last_login timestamp with time zone NOT NULL,
    is_superuser boolean NOT NULL,
    username character varying(30) NOT NULL,
    first_name character varying(30) NOT NULL,
    last_name character varying(30) NOT NULL,
    email character varying(75) NOT NULL,
    is_staff boolean NOT NULL,
    is_active boolean NOT NULL,
    date_joined timestamp with time zone NOT NULL
);


ALTER TABLE public.auth_user OWNER TO postgres;

--
-- Name: auth_user_groups; Type: TABLE; Schema: public; Owner: postgres; Tablespace: 
--

CREATE TABLE auth_user_groups (
    id integer NOT NULL,
    user_id integer NOT NULL,
    group_id integer NOT NULL
);


ALTER TABLE public.auth_user_groups OWNER TO postgres;

--
-- Name: auth_user_groups_id_seq; Type: SEQUENCE; Schema: public; Owner: postgres
--

CREATE SEQUENCE auth_user_groups_id_seq
    START WITH 1
    INCREMENT BY 1
    NO MINVALUE
    NO MAXVALUE
    CACHE 1;


ALTER TABLE public.auth_user_groups_id_seq OWNER TO postgres;

--
-- Name: auth_user_groups_id_seq; Type: SEQUENCE OWNED BY; Schema: public; Owner: postgres
--

ALTER SEQUENCE auth_user_groups_id_seq OWNED BY auth_user_groups.id;


--
-- Name: auth_user_id_seq; Type: SEQUENCE; Schema: public; Owner: postgres
--

CREATE SEQUENCE auth_user_id_seq
    START WITH 1
    INCREMENT BY 1
    NO MINVALUE
    NO MAXVALUE
    CACHE 1;


ALTER TABLE public.auth_user_id_seq OWNER TO postgres;

--
-- Name: auth_user_id_seq; Type: SEQUENCE OWNED BY; Schema: public; Owner: postgres
--

ALTER SEQUENCE auth_user_id_seq OWNED BY auth_user.id;


--
-- Name: auth_user_user_permissions; Type: TABLE; Schema: public; Owner: postgres; Tablespace: 
--

CREATE TABLE auth_user_user_permissions (
    id integer NOT NULL,
    user_id integer NOT NULL,
    permission_id integer NOT NULL
);


ALTER TABLE public.auth_user_user_permissions OWNER TO postgres;

--
-- Name: auth_user_user_permissions_id_seq; Type: SEQUENCE; Schema: public; Owner: postgres
--

CREATE SEQUENCE auth_user_user_permissions_id_seq
    START WITH 1
    INCREMENT BY 1
    NO MINVALUE
    NO MAXVALUE
    CACHE 1;


ALTER TABLE public.auth_user_user_permissions_id_seq OWNER TO postgres;

--
-- Name: auth_user_user_permissions_id_seq; Type: SEQUENCE OWNED BY; Schema: public; Owner: postgres
--

ALTER SEQUENCE auth_user_user_permissions_id_seq OWNED BY auth_user_user_permissions.id;


--
-- Name: django_admin_log; Type: TABLE; Schema: public; Owner: postgres; Tablespace: 
--

CREATE TABLE django_admin_log (
    id integer NOT NULL,
    action_time timestamp with time zone NOT NULL,
    object_id text,
    object_repr character varying(200) NOT NULL,
    action_flag smallint NOT NULL,
    change_message text NOT NULL,
    content_type_id integer,
    user_id integer NOT NULL,
    CONSTRAINT django_admin_log_action_flag_check CHECK ((action_flag >= 0))
);


ALTER TABLE public.django_admin_log OWNER TO postgres;

--
-- Name: django_admin_log_id_seq; Type: SEQUENCE; Schema: public; Owner: postgres
--

CREATE SEQUENCE django_admin_log_id_seq
    START WITH 1
    INCREMENT BY 1
    NO MINVALUE
    NO MAXVALUE
    CACHE 1;


ALTER TABLE public.django_admin_log_id_seq OWNER TO postgres;

--
-- Name: django_admin_log_id_seq; Type: SEQUENCE OWNED BY; Schema: public; Owner: postgres
--

ALTER SEQUENCE django_admin_log_id_seq OWNED BY django_admin_log.id;


--
-- Name: django_content_type; Type: TABLE; Schema: public; Owner: postgres; Tablespace: 
--

CREATE TABLE django_content_type (
    id integer NOT NULL,
    name character varying(100) NOT NULL,
    app_label character varying(100) NOT NULL,
    model character varying(100) NOT NULL
);


ALTER TABLE public.django_content_type OWNER TO postgres;

--
-- Name: django_content_type_id_seq; Type: SEQUENCE; Schema: public; Owner: postgres
--

CREATE SEQUENCE django_content_type_id_seq
    START WITH 1
    INCREMENT BY 1
    NO MINVALUE
    NO MAXVALUE
    CACHE 1;


ALTER TABLE public.django_content_type_id_seq OWNER TO postgres;

--
-- Name: django_content_type_id_seq; Type: SEQUENCE OWNED BY; Schema: public; Owner: postgres
--

ALTER SEQUENCE django_content_type_id_seq OWNED BY django_content_type.id;


--
-- Name: django_migrations; Type: TABLE; Schema: public; Owner: postgres; Tablespace: 
--

CREATE TABLE django_migrations (
    id integer NOT NULL,
    app character varying(255) NOT NULL,
    name character varying(255) NOT NULL,
    applied timestamp with time zone NOT NULL
);


ALTER TABLE public.django_migrations OWNER TO postgres;

--
-- Name: django_migrations_id_seq; Type: SEQUENCE; Schema: public; Owner: postgres
--

CREATE SEQUENCE django_migrations_id_seq
    START WITH 1
    INCREMENT BY 1
    NO MINVALUE
    NO MAXVALUE
    CACHE 1;


ALTER TABLE public.django_migrations_id_seq OWNER TO postgres;

--
-- Name: django_migrations_id_seq; Type: SEQUENCE OWNED BY; Schema: public; Owner: postgres
--

ALTER SEQUENCE django_migrations_id_seq OWNED BY django_migrations.id;


--
-- Name: django_session; Type: TABLE; Schema: public; Owner: postgres; Tablespace: 
--

CREATE TABLE django_session (
    session_key character varying(40) NOT NULL,
    session_data text NOT NULL,
    expire_date timestamp with time zone NOT NULL
);


ALTER TABLE public.django_session OWNER TO postgres;

--
-- Name: farmlyvore_food; Type: TABLE; Schema: public; Owner: postgres; Tablespace: 
--

CREATE TABLE farmlyvore_food (
    id integer NOT NULL,
    food character varying(200) NOT NULL,
    food_url character varying(1000) NOT NULL
);


ALTER TABLE public.farmlyvore_food OWNER TO postgres;

--
-- Name: farmlyvore_food_id_seq; Type: SEQUENCE; Schema: public; Owner: postgres
--

CREATE SEQUENCE farmlyvore_food_id_seq
    START WITH 1
    INCREMENT BY 1
    NO MINVALUE
    NO MAXVALUE
    CACHE 1;


ALTER TABLE public.farmlyvore_food_id_seq OWNER TO postgres;

--
-- Name: farmlyvore_food_id_seq; Type: SEQUENCE OWNED BY; Schema: public; Owner: postgres
--

ALTER SEQUENCE farmlyvore_food_id_seq OWNED BY farmlyvore_food.id;


--
-- Name: farmlyvore_foodlink; Type: TABLE; Schema: public; Owner: postgres; Tablespace: 
--

CREATE TABLE farmlyvore_foodlink (
    id integer NOT NULL,
    food_id integer NOT NULL,
    place_id integer NOT NULL,
    season_id integer NOT NULL
);


ALTER TABLE public.farmlyvore_foodlink OWNER TO postgres;

--
-- Name: farmlyvore_foodlink_id_seq; Type: SEQUENCE; Schema: public; Owner: postgres
--

CREATE SEQUENCE farmlyvore_foodlink_id_seq
    START WITH 1
    INCREMENT BY 1
    NO MINVALUE
    NO MAXVALUE
    CACHE 1;


ALTER TABLE public.farmlyvore_foodlink_id_seq OWNER TO postgres;

--
-- Name: farmlyvore_foodlink_id_seq; Type: SEQUENCE OWNED BY; Schema: public; Owner: postgres
--

ALTER SEQUENCE farmlyvore_foodlink_id_seq OWNED BY farmlyvore_foodlink.id;


--
-- Name: farmlyvore_place; Type: TABLE; Schema: public; Owner: postgres; Tablespace: 
--

CREATE TABLE farmlyvore_place (
    id integer NOT NULL,
    place character varying(200) NOT NULL,
    zipcode integer NOT NULL
);


ALTER TABLE public.farmlyvore_place OWNER TO postgres;

--
-- Name: farmlyvore_place_id_seq; Type: SEQUENCE; Schema: public; Owner: postgres
--

CREATE SEQUENCE farmlyvore_place_id_seq
    START WITH 1
    INCREMENT BY 1
    NO MINVALUE
    NO MAXVALUE
    CACHE 1;


ALTER TABLE public.farmlyvore_place_id_seq OWNER TO postgres;

--
-- Name: farmlyvore_place_id_seq; Type: SEQUENCE OWNED BY; Schema: public; Owner: postgres
--

ALTER SEQUENCE farmlyvore_place_id_seq OWNED BY farmlyvore_place.id;


--
-- Name: farmlyvore_season; Type: TABLE; Schema: public; Owner: postgres; Tablespace: 
--

CREATE TABLE farmlyvore_season (
    id integer NOT NULL,
    season character varying(200) NOT NULL,
    approx_date date NOT NULL
);


ALTER TABLE public.farmlyvore_season OWNER TO postgres;

--
-- Name: farmlyvore_season_id_seq; Type: SEQUENCE; Schema: public; Owner: postgres
--

CREATE SEQUENCE farmlyvore_season_id_seq
    START WITH 1
    INCREMENT BY 1
    NO MINVALUE
    NO MAXVALUE
    CACHE 1;


ALTER TABLE public.farmlyvore_season_id_seq OWNER TO postgres;

--
-- Name: farmlyvore_season_id_seq; Type: SEQUENCE OWNED BY; Schema: public; Owner: postgres
--

ALTER SEQUENCE farmlyvore_season_id_seq OWNED BY farmlyvore_season.id;


--
-- Name: id; Type: DEFAULT; Schema: public; Owner: postgres
--

ALTER TABLE ONLY auth_group ALTER COLUMN id SET DEFAULT nextval('auth_group_id_seq'::regclass);


--
-- Name: id; Type: DEFAULT; Schema: public; Owner: postgres
--

ALTER TABLE ONLY auth_group_permissions ALTER COLUMN id SET DEFAULT nextval('auth_group_permissions_id_seq'::regclass);


--
-- Name: id; Type: DEFAULT; Schema: public; Owner: postgres
--

ALTER TABLE ONLY auth_permission ALTER COLUMN id SET DEFAULT nextval('auth_permission_id_seq'::regclass);


--
-- Name: id; Type: DEFAULT; Schema: public; Owner: postgres
--

ALTER TABLE ONLY auth_user ALTER COLUMN id SET DEFAULT nextval('auth_user_id_seq'::regclass);


--
-- Name: id; Type: DEFAULT; Schema: public; Owner: postgres
--

ALTER TABLE ONLY auth_user_groups ALTER COLUMN id SET DEFAULT nextval('auth_user_groups_id_seq'::regclass);


--
-- Name: id; Type: DEFAULT; Schema: public; Owner: postgres
--

ALTER TABLE ONLY auth_user_user_permissions ALTER COLUMN id SET DEFAULT nextval('auth_user_user_permissions_id_seq'::regclass);


--
-- Name: id; Type: DEFAULT; Schema: public; Owner: postgres
--

ALTER TABLE ONLY django_admin_log ALTER COLUMN id SET DEFAULT nextval('django_admin_log_id_seq'::regclass);


--
-- Name: id; Type: DEFAULT; Schema: public; Owner: postgres
--

ALTER TABLE ONLY django_content_type ALTER COLUMN id SET DEFAULT nextval('django_content_type_id_seq'::regclass);


--
-- Name: id; Type: DEFAULT; Schema: public; Owner: postgres
--

ALTER TABLE ONLY django_migrations ALTER COLUMN id SET DEFAULT nextval('django_migrations_id_seq'::regclass);


--
-- Name: id; Type: DEFAULT; Schema: public; Owner: postgres
--

ALTER TABLE ONLY farmlyvore_food ALTER COLUMN id SET DEFAULT nextval('farmlyvore_food_id_seq'::regclass);


--
-- Name: id; Type: DEFAULT; Schema: public; Owner: postgres
--

ALTER TABLE ONLY farmlyvore_foodlink ALTER COLUMN id SET DEFAULT nextval('farmlyvore_foodlink_id_seq'::regclass);


--
-- Name: id; Type: DEFAULT; Schema: public; Owner: postgres
--

ALTER TABLE ONLY farmlyvore_place ALTER COLUMN id SET DEFAULT nextval('farmlyvore_place_id_seq'::regclass);


--
-- Name: id; Type: DEFAULT; Schema: public; Owner: postgres
--

ALTER TABLE ONLY farmlyvore_season ALTER COLUMN id SET DEFAULT nextval('farmlyvore_season_id_seq'::regclass);


--
-- Data for Name: auth_group; Type: TABLE DATA; Schema: public; Owner: postgres
--

COPY auth_group (id, name) FROM stdin;
\.


--
-- Name: auth_group_id_seq; Type: SEQUENCE SET; Schema: public; Owner: postgres
--

SELECT pg_catalog.setval('auth_group_id_seq', 1, false);


--
-- Data for Name: auth_group_permissions; Type: TABLE DATA; Schema: public; Owner: postgres
--

COPY auth_group_permissions (id, group_id, permission_id) FROM stdin;
\.


--
-- Name: auth_group_permissions_id_seq; Type: SEQUENCE SET; Schema: public; Owner: postgres
--

SELECT pg_catalog.setval('auth_group_permissions_id_seq', 1, false);


--
-- Data for Name: auth_permission; Type: TABLE DATA; Schema: public; Owner: postgres
--

COPY auth_permission (id, name, content_type_id, codename) FROM stdin;
1	Can add log entry	1	add_logentry
2	Can change log entry	1	change_logentry
3	Can delete log entry	1	delete_logentry
4	Can add permission	2	add_permission
5	Can change permission	2	change_permission
6	Can delete permission	2	delete_permission
7	Can add group	3	add_group
8	Can change group	3	change_group
9	Can delete group	3	delete_group
10	Can add user	4	add_user
11	Can change user	4	change_user
12	Can delete user	4	delete_user
13	Can add content type	5	add_contenttype
14	Can change content type	5	change_contenttype
15	Can delete content type	5	delete_contenttype
16	Can add session	6	add_session
17	Can change session	6	change_session
18	Can delete session	6	delete_session
19	Can add food	7	add_food
20	Can change food	7	change_food
21	Can delete food	7	delete_food
22	Can add place	8	add_place
23	Can change place	8	change_place
24	Can delete place	8	delete_place
25	Can add season	9	add_season
26	Can change season	9	change_season
27	Can delete season	9	delete_season
28	Can add food link	10	add_foodlink
29	Can change food link	10	change_foodlink
30	Can delete food link	10	delete_foodlink
\.


--
-- Name: auth_permission_id_seq; Type: SEQUENCE SET; Schema: public; Owner: postgres
--

SELECT pg_catalog.setval('auth_permission_id_seq', 30, true);


--
-- Data for Name: auth_user; Type: TABLE DATA; Schema: public; Owner: postgres
--

COPY auth_user (id, password, last_login, is_superuser, username, first_name, last_name, email, is_staff, is_active, date_joined) FROM stdin;
1	pbkdf2_sha256$12000$1ZTrMd0qSxIm$iy8m/ofKukDMhqeOWCK6qOyf+HUt9rCASaxCsUzhrA0=	2014-11-26 21:23:04.461616+00	t	admin			admin@farmlyvore.com	t	t	2014-11-26 21:21:33.763479+00
\.


--
-- Data for Name: auth_user_groups; Type: TABLE DATA; Schema: public; Owner: postgres
--

COPY auth_user_groups (id, user_id, group_id) FROM stdin;
\.


--
-- Name: auth_user_groups_id_seq; Type: SEQUENCE SET; Schema: public; Owner: postgres
--

SELECT pg_catalog.setval('auth_user_groups_id_seq', 1, false);


--
-- Name: auth_user_id_seq; Type: SEQUENCE SET; Schema: public; Owner: postgres
--

SELECT pg_catalog.setval('auth_user_id_seq', 1, true);


--
-- Data for Name: auth_user_user_permissions; Type: TABLE DATA; Schema: public; Owner: postgres
--

COPY auth_user_user_permissions (id, user_id, permission_id) FROM stdin;
\.


--
-- Name: auth_user_user_permissions_id_seq; Type: SEQUENCE SET; Schema: public; Owner: postgres
--

SELECT pg_catalog.setval('auth_user_user_permissions_id_seq', 1, false);


--
-- Data for Name: django_admin_log; Type: TABLE DATA; Schema: public; Owner: postgres
--

COPY django_admin_log (id, action_time, object_id, object_repr, action_flag, change_message, content_type_id, user_id) FROM stdin;
1	2014-11-26 21:31:18.366207+00	24	December (late)	2	Changed approx_date.	9	1
2	2014-11-26 21:31:25.530789+00	23	December (early)	2	Changed approx_date.	9	1
3	2014-11-26 21:31:32.496377+00	24	December (late)	2	No fields changed.	9	1
4	2014-11-26 21:31:37.355211+00	22	November (late)	2	Changed approx_date.	9	1
5	2014-11-26 21:31:42.029154+00	21	November (early)	2	Changed approx_date.	9	1
6	2014-11-26 21:31:51.16629+00	20	October (late)	2	Changed approx_date.	9	1
7	2014-11-26 21:31:57.763456+00	19	October (early)	2	Changed approx_date.	9	1
8	2014-11-26 21:32:06.180282+00	18	September (late)	2	Changed approx_date.	9	1
9	2014-11-26 21:32:12.476321+00	17	September (early)	2	Changed approx_date.	9	1
10	2014-11-26 21:32:20.555187+00	16	August (late)	2	Changed approx_date.	9	1
11	2014-11-26 21:32:28.774726+00	15	August (early)	2	Changed approx_date.	9	1
12	2014-11-26 21:35:00.254901+00	14	July (late)	2	Changed approx_date.	9	1
13	2014-11-26 21:35:06.895682+00	13	July (early)	2	Changed approx_date.	9	1
14	2014-11-26 21:35:13.841225+00	12	June (late)	2	Changed approx_date.	9	1
15	2014-11-26 21:35:20.743041+00	11	June (early)	2	Changed approx_date.	9	1
16	2014-11-26 21:35:27.796141+00	10	May (late)	2	Changed approx_date.	9	1
17	2014-11-26 21:35:36.478944+00	9	May (early)	2	Changed approx_date.	9	1
18	2014-11-26 21:35:45.21672+00	8	April (late)	2	Changed approx_date.	9	1
19	2014-11-26 21:35:52.381272+00	7	April (early)	2	Changed approx_date.	9	1
20	2014-11-26 21:36:01.943898+00	6	March (late)	2	Changed approx_date.	9	1
21	2014-11-26 21:36:09.556244+00	5	March (early)	2	Changed approx_date.	9	1
22	2014-11-26 21:36:17.919928+00	4	February (late)	2	Changed approx_date.	9	1
23	2014-11-26 21:36:26.16779+00	3	February (early)	2	Changed approx_date.	9	1
24	2014-11-26 21:36:36.970795+00	2	January (late)	2	Changed approx_date.	9	1
25	2014-11-26 21:36:49.929575+00	1	January (early)	2	Changed approx_date.	9	1
\.


--
-- Name: django_admin_log_id_seq; Type: SEQUENCE SET; Schema: public; Owner: postgres
--

SELECT pg_catalog.setval('django_admin_log_id_seq', 25, true);


--
-- Data for Name: django_content_type; Type: TABLE DATA; Schema: public; Owner: postgres
--

COPY django_content_type (id, name, app_label, model) FROM stdin;
1	log entry	admin	logentry
2	permission	auth	permission
3	group	auth	group
4	user	auth	user
5	content type	contenttypes	contenttype
6	session	sessions	session
7	food	farmlyvore	food
8	place	farmlyvore	place
9	season	farmlyvore	season
10	food link	farmlyvore	foodlink
\.


--
-- Name: django_content_type_id_seq; Type: SEQUENCE SET; Schema: public; Owner: postgres
--

SELECT pg_catalog.setval('django_content_type_id_seq', 10, true);


--
-- Data for Name: django_migrations; Type: TABLE DATA; Schema: public; Owner: postgres
--

COPY django_migrations (id, app, name, applied) FROM stdin;
1	contenttypes	0001_initial	2014-11-26 21:21:02.699401+00
2	auth	0001_initial	2014-11-26 21:21:02.798507+00
3	admin	0001_initial	2014-11-26 21:21:02.837408+00
4	farmlyvore	0001_initial	2014-11-26 21:21:02.896539+00
5	sessions	0001_initial	2014-11-26 21:21:02.910359+00
\.


--
-- Name: django_migrations_id_seq; Type: SEQUENCE SET; Schema: public; Owner: postgres
--

SELECT pg_catalog.setval('django_migrations_id_seq', 5, true);


--
-- Data for Name: django_session; Type: TABLE DATA; Schema: public; Owner: postgres
--

COPY django_session (session_key, session_data, expire_date) FROM stdin;
en73giivin176vqadasv4pazck65wifg	NGIwYjNjODYyMDE2NmNkODUzODQyMzFkMWY3OGM2OTA4ZTExMmEzOTp7Il9hdXRoX3VzZXJfaGFzaCI6ImVmYjI2Yzc3ZmEyYjc5ZmJhMGM4M2YyZTQwODk2MTA0YWE4YjIyOWYiLCJfYXV0aF91c2VyX2JhY2tlbmQiOiJkamFuZ28uY29udHJpYi5hdXRoLmJhY2tlbmRzLk1vZGVsQmFja2VuZCIsIl9hdXRoX3VzZXJfaWQiOjF9	2014-12-10 21:23:04.464645+00
\.


--
-- Data for Name: farmlyvore_food; Type: TABLE DATA; Schema: public; Owner: postgres
--

COPY farmlyvore_food (id, food, food_url) FROM stdin;
1	Greens	
2	Pecans	
3	Sweet Potatoes	
4	Strawberries	
5	Cabbage	
6	Squash	
7	Snap Beans	
8	Blueberries	
9	Eggplant	
10	Peaches	
11	Peas	
12	Potatoes	
13	Bell Peppers	
14	Cucumbers	
15	Sweet Corn	
16	Tomatoes	
17	Watermelon	
18	Cantaloupes	
19	Lima Beans	
20	Okra	
21	Apples	
22	Pumpkins	
23	Carrots	
24	Broccoli	
25	Lettuce	
26	Scallions	
27	Cauliflower	
28	Radishes	
29	Snow Peas	
30	Summer Squash	
31	Beans	
32	Currants	
33	Raspberries	
34	Beets	
35	Celery	
36	Lingonberries	
37	Onions	
38	Rhubarb	
39	Rutabagas	
40	Turnips	
41	Brussels Sprouts	
42	Gooseberries	
43	Winter Squash	
44	Black-eyed Peas	
45	Green Beans	
46	Honey	
47	Melons	
48	Pears	
49	White Tamale Corn	
50	Peppers	
51	Pistachios	
52	Asparagus	
53	Herbs	
54	Blackberries	
55	Cherries	
56	Nectarines	
57	Asian Pears	
58	Muscadines	
59	Almonds	
60	Asian Greens	
61	Avocado	
62	Bok Choy	
63	Cardoons	
64	Chard	
65	Cherimoyas	
66	Collards	
67	Cress	
68	Dandelion/Chicory Greens	
69	Dates	
70	Endive	
71	Fennel	
72	Garlic	
73	Gourds	
74	Grapefruit	
75	Guava	
76	Horseradish	
77	Kale	
78	Kiwi	
79	Kumquatss	
80	Leeks	
81	Lemons	
82	Limes	
83	Mandarins	
84	Mushrooms	
85	Nettles	
86	Olives	
87	Oranges	
88	Parsnipss	
89	Persimmons	
90	Pomelos	
91	Rapini	
92	Spinach	
93	Sunchokes	
94	Tangerines	
95	Walnuts	
96	Green Garlic	
97	Artichokes	
98	Arugula	
99	Fava Beans	
100	Kohlrabi	
101	Purslane	
102	Radicchio	
103	Apricots	
104	Apriums	
105	Basil	
106	Boysenberries	
107	Cactus Pads	
108	Cactus Pears	
109	Loquats	
110	Mustard Greens	
111	Plums	
112	Pluots	
113	Shallots	
114	Tayberries	
115	Corn	
116	Figs	
117	Tomatillos	
118	Burdock	
119	Grapes	
120	Mulberrries	
121	Pomegranates	
122	Jujubes	
123	Quince	
124	Salsify	
125	Chestnuts	
126	Blood Orange	
127	Carambola	
128	Dates (Medjool)	
129	Green Onions	
130	Green Peas	
131	Mustard	
132	Navel Orange	
133	Passion Fruit	
134	Tangelos	
135	Valencia Oranges	
136	Sapote	
137	Chile Peppers	
138	Pineapple	
139	Yams	
140	Pinto Beans	
141	Popcorn	
142	Honeydew Melonss	
143	Honeydew Melons	
144	Bananas	
145	Canistel	
146	Chinese Cabbage	
147	Escarole	
148	Kumquats	
149	Mamey Sapote	
150	Papaya	
151	Pummelo	
152	Mangoes	
153	Atemoya	
154	Vidalia Onions	
155	Yellow Squash	
156	Zucchini	
157	Field Peas	
158	Sprouts	
159	Berries	
160	Flowers and Herbs	
161	Bunching Greens	
162	Lettuce Mix	
163	Oriental Greens	
164	Head Lettuce	
165	Pearl Onions	
166	Shell Peas	
167	Snap Peas	
168	String Beans	
169	Ornamental Corn	
170	Lima-Bush Beans	
171	Lima-Pole Beans	
172	Butter Beans	
173	Turnip Greens	
174	Hot Peppers	
175	Mayhaws	
176	Muskmelons	
177	Satsumas	
178	Swiss Chard	
179	Beans (dry)	
180	Dried Flowers	
181	Onions (bulb)	
182	Parsnips	
183	Parsley	
184	Lettuce/Mixed Greens	
185	Beet Greens	
186	Plants (bedding and herb)	
187	Herbs (frost hardy)	
188	Herbs (not frost hardy)	
189	Peas (edible pod)	
190	Cut Flowers	
191	Kale/Collards	
192	Beans (snap	
193	Wild Blueberries	
194	Cranberries	
195	Maple Sap	
196	Sweet Cherries	
197	Black Raspberries	
198	Pole Beans	
199	Sour Cherries	
200	Cucumbers (pickles)	
201	Cider	
202	Christmas Trees	
203	Celeriac	
204	Daikon	
205	Jerusalem Artichokes	
206	Chives	
207	Cilantro	
208	Dandelion Greens	
209	Dill	
210	Garlic Greens	
211	Oregano	
212	Sage	
213	Sorrel	
214	Chokecherries	
215	Marjoram	
216	Mint	
217	Savory	
218	Tarragon	
219	Late Melons	
220	English Peas	
221	Green Corn	
222	Sweet Peppers	
223	Peanuts	
224	Southern Peas	
225	Saskatoons	
226	Red Raspberries	
227	Salad Greens	
228	Green Chile	
229	Red Chile	
230	Plums and prunes	
231	Leafy greens	
232	Flax Seeds	
233	Sweet Pepperss	
234	Flowers	
235	Ginger	
236	Lavendar	
237	Lemon Verbena	
238	Broccoli Rabe	
239	Chinese Broccoli	
240	Rosemary	
241	Tat Soi	
242	Thyme	
243	Edamame	
244	Rose Hips	
245	Ground Cherries	
246	Pawpaws	
247	Mixed Greens	
248	Indian Corn	
249	Sorghum Syrup	
250	Sweet Potato Plants	
251	Snapbeans & Shelly beans	
252	Cherry Tomatoes	
253	Wax Beans	
254	Irish Potatoes	
255	October Beans	
256	Sugar Peas	
257	Autumn Olive	
258	Bamboo Shoots	
259	Green Onionss	
260	Leaf Lettuce	
261	Winter Pears	
262	Asian Vegetables	
263	Hearty Greens (Bok Choy	
264	Jerusalem Artichokess	
\.


--
-- Name: farmlyvore_food_id_seq; Type: SEQUENCE SET; Schema: public; Owner: postgres
--

SELECT pg_catalog.setval('farmlyvore_food_id_seq', 264, true);


--
-- Data for Name: farmlyvore_foodlink; Type: TABLE DATA; Schema: public; Owner: postgres
--

COPY farmlyvore_foodlink (id, food_id, place_id, season_id) FROM stdin;
1	1	1	1
2	2	1	1
3	3	1	1
4	1	1	2
5	2	1	2
6	3	1	2
7	1	1	3
8	2	1	3
9	3	1	3
10	1	1	4
11	2	1	4
12	3	1	4
13	1	1	5
14	2	1	5
15	3	1	5
16	1	1	6
17	2	1	6
18	4	1	6
19	3	1	6
20	1	1	7
21	2	1	7
22	4	1	7
23	3	1	7
24	5	1	8
25	1	1	8
26	2	1	8
27	6	1	8
28	4	1	8
29	3	1	8
30	5	1	9
31	1	1	9
32	2	1	9
33	7	1	9
34	6	1	9
35	4	1	9
36	3	1	9
37	8	1	10
38	5	1	10
39	9	1	10
40	1	1	10
41	10	1	10
42	11	1	10
43	2	1	10
44	12	1	10
45	7	1	10
46	6	1	10
47	4	1	10
48	3	1	10
49	13	1	11
50	8	1	11
51	5	1	11
52	14	1	11
53	9	1	11
54	1	1	11
55	10	1	11
56	11	1	11
57	2	1	11
58	12	1	11
59	7	1	11
60	6	1	11
61	15	1	11
62	3	1	11
63	16	1	11
64	17	1	11
65	13	1	12
66	8	1	12
67	5	1	12
68	18	1	12
69	14	1	12
70	9	1	12
71	1	1	12
72	19	1	12
73	20	1	12
74	10	1	12
75	11	1	12
76	2	1	12
77	12	1	12
78	7	1	12
79	6	1	12
80	15	1	12
81	3	1	12
82	16	1	12
83	17	1	12
84	13	1	13
85	8	1	13
86	5	1	13
87	18	1	13
88	14	1	13
89	9	1	13
90	1	1	13
91	19	1	13
92	20	1	13
93	10	1	13
94	11	1	13
95	2	1	13
96	12	1	13
97	7	1	13
98	6	1	13
99	15	1	13
100	3	1	13
101	16	1	13
102	17	1	13
103	21	1	14
104	13	1	14
105	8	1	14
106	18	1	14
107	14	1	14
108	9	1	14
109	1	1	14
110	19	1	14
111	20	1	14
112	10	1	14
113	11	1	14
114	2	1	14
115	12	1	14
116	7	1	14
117	6	1	14
118	15	1	14
119	3	1	14
120	16	1	14
121	17	1	14
122	21	1	15
123	13	1	15
124	8	1	15
125	18	1	15
126	14	1	15
127	9	1	15
128	1	1	15
129	19	1	15
130	20	1	15
131	10	1	15
132	11	1	15
133	2	1	15
134	12	1	15
135	7	1	15
136	6	1	15
137	15	1	15
138	3	1	15
139	16	1	15
140	17	1	15
141	21	1	16
142	13	1	16
143	18	1	16
144	14	1	16
145	9	1	16
146	1	1	16
147	19	1	16
148	20	1	16
149	10	1	16
150	11	1	16
151	2	1	16
152	12	1	16
153	7	1	16
154	6	1	16
155	15	1	16
156	3	1	16
157	16	1	16
158	17	1	16
159	21	1	17
160	13	1	17
161	18	1	17
162	14	1	17
163	9	1	17
164	1	1	17
165	19	1	17
166	20	1	17
167	10	1	17
168	11	1	17
169	2	1	17
170	7	1	17
171	6	1	17
172	15	1	17
173	3	1	17
174	16	1	17
175	17	1	17
176	21	1	18
177	13	1	18
178	5	1	18
179	18	1	18
180	14	1	18
181	9	1	18
182	1	1	18
183	19	1	18
184	20	1	18
185	11	1	18
186	2	1	18
187	22	1	18
188	7	1	18
189	6	1	18
190	15	1	18
191	3	1	18
192	16	1	18
193	17	1	18
194	21	1	19
195	13	1	19
196	5	1	19
197	14	1	19
198	1	1	19
199	19	1	19
200	20	1	19
201	11	1	19
202	2	1	19
203	22	1	19
204	7	1	19
205	3	1	19
206	16	1	19
207	13	1	20
208	5	1	20
209	14	1	20
210	1	1	20
211	19	1	20
212	11	1	20
213	2	1	20
214	22	1	20
215	3	1	20
216	16	1	20
217	14	1	21
218	1	1	21
219	2	1	21
220	22	1	21
221	3	1	21
222	1	1	22
223	2	1	22
224	3	1	22
225	1	1	23
226	2	1	23
227	1	1	24
228	2	1	24
229	23	2	1
230	12	2	1
231	23	2	2
232	12	2	2
233	23	2	3
234	12	2	3
235	23	2	4
236	12	2	4
237	23	2	5
238	12	2	5
239	23	2	6
240	12	2	6
241	23	2	7
242	12	2	7
243	23	2	8
244	12	2	8
245	12	2	9
246	12	2	10
247	16	2	10
248	24	2	11
249	14	2	11
250	12	2	11
251	16	2	11
252	24	2	12
253	14	2	12
254	1	2	12
255	25	2	12
256	12	2	12
257	26	2	12
258	16	2	12
259	24	2	13
260	27	2	13
261	14	2	13
262	1	2	13
263	25	2	13
264	12	2	13
265	28	2	13
266	26	2	13
267	29	2	13
268	4	2	13
269	30	2	13
270	16	2	13
271	31	2	14
272	8	2	14
273	24	2	14
274	5	2	14
275	27	2	14
276	14	2	14
277	32	2	14
278	1	2	14
279	25	2	14
280	11	2	14
281	12	2	14
282	28	2	14
283	33	2	14
284	26	2	14
285	29	2	14
286	4	2	14
287	30	2	14
288	16	2	14
289	31	2	15
290	34	2	15
291	8	2	15
292	24	2	15
293	5	2	15
294	23	2	15
295	27	2	15
296	35	2	15
297	14	2	15
298	32	2	15
299	1	2	15
300	25	2	15
301	36	2	15
302	37	2	15
303	11	2	15
304	12	2	15
305	28	2	15
306	33	2	15
307	38	2	15
308	39	2	15
309	26	2	15
310	29	2	15
311	4	2	15
312	30	2	15
313	16	2	15
314	40	2	15
315	21	2	16
316	31	2	16
317	34	2	16
318	8	2	16
319	24	2	16
320	41	2	16
321	5	2	16
322	23	2	16
323	27	2	16
324	35	2	16
325	14	2	16
326	32	2	16
327	42	2	16
328	1	2	16
329	25	2	16
330	36	2	16
331	37	2	16
332	11	2	16
333	12	2	16
334	28	2	16
335	38	2	16
336	39	2	16
337	26	2	16
338	29	2	16
339	4	2	16
340	30	2	16
341	16	2	16
342	40	2	16
343	43	2	16
344	21	2	17
345	31	2	17
346	34	2	17
347	8	2	17
348	24	2	17
349	41	2	17
350	5	2	17
351	23	2	17
352	27	2	17
353	35	2	17
354	14	2	17
355	32	2	17
356	42	2	17
357	1	2	17
358	25	2	17
359	36	2	17
360	37	2	17
361	11	2	17
362	12	2	17
363	28	2	17
364	38	2	17
365	39	2	17
366	26	2	17
367	29	2	17
368	4	2	17
369	30	2	17
370	16	2	17
371	40	2	17
372	43	2	17
373	34	2	18
374	41	2	18
375	5	2	18
376	23	2	18
377	14	2	18
378	25	2	18
379	37	2	18
380	12	2	18
381	28	2	18
382	38	2	18
383	39	2	18
384	26	2	18
385	40	2	18
386	43	2	18
387	5	2	19
388	23	2	19
389	12	2	19
390	38	2	19
391	43	2	19
392	5	2	20
393	23	2	20
394	12	2	20
395	38	2	20
396	43	2	20
397	5	2	21
398	23	2	21
399	12	2	21
400	5	2	22
401	23	2	22
402	12	2	22
403	5	2	23
404	23	2	23
405	12	2	23
406	23	2	24
407	12	2	24
408	30	3	13
409	15	3	13
410	44	3	14
411	14	3	14
412	45	3	14
413	46	3	14
414	20	3	14
415	30	3	14
416	15	3	14
417	21	3	15
418	44	3	15
419	14	3	15
420	45	3	15
421	46	3	15
422	47	3	15
423	20	3	15
424	10	3	15
425	48	3	15
426	30	3	15
427	15	3	15
428	49	3	15
429	21	3	16
430	13	3	16
431	44	3	16
432	14	3	16
433	45	3	16
434	46	3	16
435	47	3	16
436	20	3	16
437	10	3	16
438	48	3	16
439	50	3	16
440	30	3	16
441	15	3	16
442	16	3	16
443	49	3	16
444	21	3	17
445	13	3	17
446	44	3	17
447	14	3	17
448	45	3	17
449	46	3	17
450	47	3	17
451	20	3	17
452	10	3	17
453	48	3	17
454	50	3	17
455	51	3	17
456	30	3	17
457	15	3	17
458	16	3	17
459	49	3	17
460	21	3	18
461	13	3	18
462	14	3	18
463	45	3	18
464	46	3	18
465	47	3	18
466	20	3	18
467	10	3	18
468	48	3	18
469	50	3	18
470	51	3	18
471	30	3	18
472	15	3	18
473	16	3	18
474	49	3	18
475	21	3	19
476	50	3	19
477	51	3	19
478	43	3	19
479	51	3	20
480	22	3	20
481	43	3	20
482	51	3	21
483	22	3	21
484	43	3	21
485	2	3	22
486	51	3	22
487	22	3	22
488	43	3	22
489	2	3	23
490	1	4	5
491	52	4	6
492	1	4	6
493	52	4	7
494	1	4	7
495	53	4	7
496	52	4	8
497	1	4	8
498	53	4	8
499	24	4	9
500	5	4	9
501	14	4	9
502	1	4	9
503	53	4	9
504	11	4	9
505	12	4	9
506	38	4	9
507	24	4	10
508	5	4	10
509	14	4	10
510	1	4	10
511	53	4	10
512	11	4	10
513	12	4	10
514	38	4	10
515	4	4	10
516	31	4	11
517	54	4	11
518	24	4	11
519	5	4	11
520	55	4	11
521	14	4	11
522	53	4	11
523	10	4	11
524	12	4	11
525	38	4	11
526	4	4	11
527	30	4	11
528	31	4	12
529	54	4	12
530	8	4	12
531	55	4	12
532	14	4	12
533	9	4	12
534	53	4	12
535	56	4	12
536	10	4	12
537	12	4	12
538	38	4	12
539	4	4	12
540	30	4	12
541	31	4	13
542	54	4	13
543	8	4	13
544	18	4	13
545	55	4	13
546	14	4	13
547	9	4	13
548	53	4	13
549	56	4	13
550	10	4	13
551	50	4	13
552	12	4	13
553	33	4	13
554	30	4	13
555	16	4	13
556	31	4	14
557	54	4	14
558	8	4	14
559	18	4	14
560	55	4	14
561	14	4	14
562	9	4	14
563	53	4	14
564	56	4	14
565	10	4	14
566	50	4	14
567	12	4	14
568	33	4	14
569	30	4	14
570	15	4	14
571	16	4	14
572	57	4	15
573	8	4	15
574	18	4	15
575	14	4	15
576	9	4	15
577	53	4	15
578	56	4	15
579	10	4	15
580	50	4	15
581	33	4	15
582	30	4	15
583	15	4	15
584	16	4	15
585	17	4	15
586	21	4	16
587	57	4	16
588	8	4	16
589	18	4	16
590	14	4	16
591	9	4	16
592	53	4	16
593	56	4	16
594	10	4	16
595	50	4	16
596	33	4	16
597	30	4	16
598	15	4	16
599	16	4	16
600	17	4	16
601	21	4	17
602	57	4	17
603	18	4	17
604	14	4	17
605	9	4	17
606	1	4	17
607	53	4	17
608	58	4	17
609	10	4	17
610	50	4	17
611	22	4	17
612	33	4	17
613	30	4	17
614	15	4	17
615	3	4	17
616	16	4	17
617	17	4	17
618	21	4	18
619	57	4	18
620	18	4	18
621	14	4	18
622	9	4	18
623	1	4	18
624	53	4	18
625	58	4	18
626	10	4	18
627	50	4	18
628	22	4	18
629	33	4	18
630	30	4	18
631	15	4	18
632	3	4	18
633	16	4	18
634	17	4	18
635	21	4	19
636	57	4	19
637	24	4	19
638	5	4	19
639	1	4	19
640	53	4	19
641	58	4	19
642	22	4	19
643	30	4	19
644	3	4	19
645	16	4	19
646	17	4	19
647	21	4	20
648	57	4	20
649	24	4	20
650	5	4	20
651	1	4	20
652	53	4	20
653	58	4	20
654	22	4	20
655	30	4	20
656	3	4	20
657	16	4	20
658	17	4	20
659	24	4	21
660	5	4	21
661	24	4	22
662	5	4	22
663	59	5	1
664	21	5	1
665	60	5	1
666	57	5	1
667	61	5	1
668	31	5	1
669	34	5	1
670	62	5	1
671	24	5	1
672	41	5	1
673	5	5	1
674	63	5	1
675	23	5	1
676	27	5	1
677	64	5	1
678	65	5	1
679	66	5	1
680	67	5	1
681	68	5	1
682	69	5	1
683	70	5	1
684	71	5	1
685	72	5	1
686	73	5	1
687	74	5	1
688	75	5	1
689	53	5	1
690	76	5	1
691	77	5	1
692	78	5	1
693	79	5	1
694	80	5	1
695	81	5	1
696	25	5	1
697	82	5	1
698	83	5	1
699	84	5	1
700	85	5	1
701	86	5	1
702	37	5	1
703	87	5	1
704	88	5	1
705	48	5	1
706	89	5	1
707	51	5	1
708	90	5	1
709	12	5	1
710	28	5	1
711	91	5	1
712	39	5	1
713	26	5	1
714	92	5	1
715	93	5	1
716	94	5	1
717	40	5	1
718	95	5	1
719	43	5	1
720	59	5	2
721	21	5	2
722	60	5	2
723	57	5	2
724	61	5	2
725	31	5	2
726	34	5	2
727	62	5	2
728	24	5	2
729	41	5	2
730	5	5	2
731	63	5	2
732	23	5	2
733	27	5	2
734	64	5	2
735	65	5	2
736	66	5	2
737	67	5	2
738	68	5	2
739	69	5	2
740	70	5	2
741	71	5	2
742	72	5	2
743	73	5	2
744	74	5	2
745	75	5	2
746	53	5	2
747	76	5	2
748	77	5	2
749	78	5	2
750	79	5	2
751	80	5	2
752	81	5	2
753	25	5	2
754	82	5	2
755	83	5	2
756	84	5	2
757	85	5	2
758	86	5	2
759	37	5	2
760	87	5	2
761	88	5	2
762	48	5	2
763	89	5	2
764	51	5	2
765	90	5	2
766	12	5	2
767	28	5	2
768	91	5	2
769	39	5	2
770	26	5	2
771	92	5	2
772	93	5	2
773	94	5	2
774	40	5	2
775	95	5	2
776	43	5	2
777	59	5	3
778	21	5	3
779	60	5	3
780	57	5	3
781	52	5	3
782	61	5	3
783	31	5	3
784	34	5	3
785	62	5	3
786	24	5	3
787	41	5	3
788	5	5	3
789	63	5	3
790	23	5	3
791	27	5	3
792	64	5	3
793	65	5	3
794	66	5	3
795	67	5	3
796	68	5	3
797	69	5	3
798	70	5	3
799	71	5	3
800	72	5	3
801	73	5	3
802	74	5	3
803	96	5	3
804	75	5	3
805	53	5	3
806	76	5	3
807	77	5	3
808	78	5	3
809	79	5	3
810	80	5	3
811	81	5	3
812	25	5	3
813	82	5	3
814	83	5	3
815	84	5	3
816	85	5	3
817	86	5	3
818	37	5	3
819	87	5	3
820	88	5	3
821	48	5	3
822	51	5	3
823	90	5	3
824	12	5	3
825	28	5	3
826	91	5	3
827	39	5	3
828	26	5	3
829	92	5	3
830	94	5	3
831	40	5	3
832	95	5	3
833	43	5	3
834	59	5	4
835	21	5	4
836	60	5	4
837	57	5	4
838	52	5	4
839	61	5	4
840	31	5	4
841	34	5	4
842	62	5	4
843	24	5	4
844	41	5	4
845	5	5	4
846	63	5	4
847	23	5	4
848	27	5	4
849	64	5	4
850	65	5	4
851	66	5	4
852	67	5	4
853	68	5	4
854	69	5	4
855	70	5	4
856	71	5	4
857	72	5	4
858	73	5	4
859	74	5	4
860	96	5	4
861	75	5	4
862	53	5	4
863	76	5	4
864	77	5	4
865	78	5	4
866	79	5	4
867	80	5	4
868	81	5	4
869	25	5	4
870	82	5	4
871	83	5	4
872	84	5	4
873	85	5	4
874	86	5	4
875	37	5	4
876	87	5	4
877	88	5	4
878	48	5	4
879	51	5	4
880	90	5	4
881	12	5	4
882	28	5	4
883	91	5	4
884	39	5	4
885	26	5	4
886	92	5	4
887	94	5	4
888	40	5	4
889	95	5	4
890	43	5	4
891	59	5	5
892	21	5	5
893	97	5	5
894	98	5	5
895	60	5	5
896	57	5	5
897	52	5	5
898	61	5	5
899	31	5	5
900	34	5	5
901	62	5	5
902	24	5	5
903	41	5	5
904	5	5	5
905	63	5	5
906	23	5	5
907	27	5	5
908	64	5	5
909	65	5	5
910	66	5	5
911	67	5	5
912	68	5	5
913	69	5	5
914	70	5	5
915	71	5	5
916	72	5	5
917	73	5	5
918	74	5	5
919	96	5	5
920	75	5	5
921	53	5	5
922	76	5	5
923	77	5	5
924	78	5	5
925	79	5	5
926	80	5	5
927	81	5	5
928	25	5	5
929	82	5	5
930	83	5	5
931	84	5	5
932	85	5	5
933	86	5	5
934	37	5	5
935	87	5	5
936	88	5	5
937	51	5	5
938	90	5	5
939	12	5	5
940	28	5	5
941	91	5	5
942	39	5	5
943	26	5	5
944	92	5	5
945	4	5	5
946	94	5	5
947	16	5	5
948	40	5	5
949	95	5	5
950	59	5	6
951	21	5	6
952	97	5	6
953	98	5	6
954	60	5	6
955	57	5	6
956	52	5	6
957	61	5	6
958	31	5	6
959	34	5	6
960	62	5	6
961	24	5	6
962	41	5	6
963	5	5	6
964	63	5	6
965	23	5	6
966	27	5	6
967	64	5	6
968	65	5	6
969	66	5	6
970	67	5	6
971	68	5	6
972	69	5	6
973	70	5	6
974	71	5	6
975	72	5	6
976	73	5	6
977	74	5	6
978	96	5	6
979	75	5	6
980	53	5	6
981	76	5	6
982	77	5	6
983	78	5	6
984	79	5	6
985	80	5	6
986	81	5	6
987	25	5	6
988	82	5	6
989	83	5	6
990	84	5	6
991	85	5	6
992	86	5	6
993	37	5	6
994	87	5	6
995	88	5	6
996	51	5	6
997	90	5	6
998	12	5	6
999	28	5	6
1000	91	5	6
1001	39	5	6
1002	26	5	6
1003	92	5	6
1004	4	5	6
1005	94	5	6
1006	16	5	6
1007	40	5	6
1008	95	5	6
1009	59	5	7
1010	21	5	7
1011	97	5	7
1012	98	5	7
1013	60	5	7
1014	57	5	7
1015	52	5	7
1016	61	5	7
1017	31	5	7
1018	34	5	7
1019	62	5	7
1020	24	5	7
1021	5	5	7
1022	63	5	7
1023	23	5	7
1024	27	5	7
1025	35	5	7
1026	64	5	7
1027	65	5	7
1028	55	5	7
1029	66	5	7
1030	68	5	7
1031	69	5	7
1032	70	5	7
1033	99	5	7
1034	71	5	7
1035	72	5	7
1036	74	5	7
1037	96	5	7
1038	75	5	7
1039	53	5	7
1040	76	5	7
1041	77	5	7
1042	100	5	7
1043	79	5	7
1044	80	5	7
1045	81	5	7
1046	25	5	7
1047	82	5	7
1048	83	5	7
1049	84	5	7
1050	85	5	7
1051	86	5	7
1052	37	5	7
1053	87	5	7
1054	88	5	7
1055	11	5	7
1056	51	5	7
1057	90	5	7
1058	12	5	7
1059	101	5	7
1060	102	5	7
1061	28	5	7
1062	91	5	7
1063	38	5	7
1064	39	5	7
1065	26	5	7
1066	92	5	7
1067	4	5	7
1068	94	5	7
1069	16	5	7
1070	40	5	7
1071	95	5	7
1072	59	5	8
1073	21	5	8
1074	97	5	8
1075	98	5	8
1076	60	5	8
1077	57	5	8
1078	52	5	8
1079	61	5	8
1080	31	5	8
1081	34	5	8
1082	62	5	8
1083	24	5	8
1084	5	5	8
1085	63	5	8
1086	23	5	8
1087	27	5	8
1088	35	5	8
1089	64	5	8
1090	65	5	8
1091	55	5	8
1092	66	5	8
1093	68	5	8
1094	69	5	8
1095	70	5	8
1096	99	5	8
1097	71	5	8
1098	72	5	8
1099	74	5	8
1100	96	5	8
1101	75	5	8
1102	53	5	8
1103	76	5	8
1104	77	5	8
1105	100	5	8
1106	79	5	8
1107	80	5	8
1108	81	5	8
1109	25	5	8
1110	82	5	8
1111	83	5	8
1112	84	5	8
1113	85	5	8
1114	86	5	8
1115	37	5	8
1116	87	5	8
1117	88	5	8
1118	11	5	8
1119	51	5	8
1120	90	5	8
1121	12	5	8
1122	101	5	8
1123	102	5	8
1124	28	5	8
1125	91	5	8
1126	38	5	8
1127	39	5	8
1128	26	5	8
1129	92	5	8
1130	4	5	8
1131	94	5	8
1132	16	5	8
1133	40	5	8
1134	95	5	8
1135	59	5	9
1136	21	5	9
1137	103	5	9
1138	104	5	9
1139	97	5	9
1140	98	5	9
1141	60	5	9
1142	52	5	9
1143	61	5	9
1144	105	5	9
1145	31	5	9
1146	34	5	9
1147	13	5	9
1148	54	5	9
1149	8	5	9
1150	62	5	9
1151	106	5	9
1152	24	5	9
1153	5	5	9
1154	107	5	9
1155	108	5	9
1156	63	5	9
1157	23	5	9
1158	27	5	9
1159	35	5	9
1160	64	5	9
1161	65	5	9
1162	55	5	9
1163	14	5	9
1164	68	5	9
1165	69	5	9
1166	9	5	9
1167	70	5	9
1168	99	5	9
1169	71	5	9
1170	72	5	9
1171	96	5	9
1172	53	5	9
1173	76	5	9
1174	77	5	9
1175	100	5	9
1176	80	5	9
1177	81	5	9
1178	25	5	9
1179	109	5	9
1180	84	5	9
1181	110	5	9
1182	56	5	9
1183	85	5	9
1184	86	5	9
1185	37	5	9
1186	87	5	9
1187	10	5	9
1188	11	5	9
1189	50	5	9
1190	51	5	9
1191	111	5	9
1192	112	5	9
1193	12	5	9
1194	101	5	9
1195	102	5	9
1196	28	5	9
1197	91	5	9
1198	33	5	9
1199	38	5	9
1200	26	5	9
1201	113	5	9
1202	92	5	9
1203	4	5	9
1204	30	5	9
1205	114	5	9
1206	16	5	9
1207	95	5	9
1208	59	5	10
1209	21	5	10
1210	103	5	10
1211	104	5	10
1212	97	5	10
1213	98	5	10
1214	60	5	10
1215	52	5	10
1216	61	5	10
1217	105	5	10
1218	31	5	10
1219	34	5	10
1220	13	5	10
1221	54	5	10
1222	8	5	10
1223	62	5	10
1224	106	5	10
1225	24	5	10
1226	5	5	10
1227	107	5	10
1228	108	5	10
1229	63	5	10
1230	23	5	10
1231	27	5	10
1232	35	5	10
1233	64	5	10
1234	65	5	10
1235	55	5	10
1236	14	5	10
1237	68	5	10
1238	69	5	10
1239	9	5	10
1240	70	5	10
1241	99	5	10
1242	71	5	10
1243	72	5	10
1244	96	5	10
1245	53	5	10
1246	76	5	10
1247	77	5	10
1248	100	5	10
1249	80	5	10
1250	81	5	10
1251	25	5	10
1252	109	5	10
1253	84	5	10
1254	110	5	10
1255	56	5	10
1256	85	5	10
1257	86	5	10
1258	37	5	10
1259	87	5	10
1260	10	5	10
1261	11	5	10
1262	50	5	10
1263	51	5	10
1264	111	5	10
1265	112	5	10
1266	12	5	10
1267	101	5	10
1268	102	5	10
1269	28	5	10
1270	91	5	10
1271	33	5	10
1272	38	5	10
1273	26	5	10
1274	113	5	10
1275	92	5	10
1276	4	5	10
1277	30	5	10
1278	114	5	10
1279	16	5	10
1280	95	5	10
1281	59	5	11
1282	21	5	11
1283	103	5	11
1284	104	5	11
1285	97	5	11
1286	98	5	11
1287	60	5	11
1288	52	5	11
1289	61	5	11
1290	105	5	11
1291	31	5	11
1292	34	5	11
1293	13	5	11
1294	54	5	11
1295	8	5	11
1296	62	5	11
1297	106	5	11
1298	24	5	11
1299	5	5	11
1300	107	5	11
1301	108	5	11
1302	63	5	11
1303	23	5	11
1304	27	5	11
1305	35	5	11
1306	64	5	11
1307	55	5	11
1308	66	5	11
1309	115	5	11
1310	67	5	11
1311	14	5	11
1312	69	5	11
1313	9	5	11
1314	70	5	11
1315	99	5	11
1316	71	5	11
1317	116	5	11
1318	72	5	11
1319	96	5	11
1320	53	5	11
1321	76	5	11
1322	77	5	11
1323	100	5	11
1324	80	5	11
1325	81	5	11
1326	25	5	11
1327	109	5	11
1328	47	5	11
1329	84	5	11
1330	110	5	11
1331	56	5	11
1332	85	5	11
1333	20	5	11
1334	86	5	11
1335	37	5	11
1336	87	5	11
1337	10	5	11
1338	11	5	11
1339	50	5	11
1340	51	5	11
1341	111	5	11
1342	112	5	11
1343	101	5	11
1344	102	5	11
1345	28	5	11
1346	91	5	11
1347	33	5	11
1348	38	5	11
1349	26	5	11
1350	113	5	11
1351	92	5	11
1352	4	5	11
1353	30	5	11
1354	114	5	11
1355	117	5	11
1356	16	5	11
1357	95	5	11
1358	59	5	12
1359	21	5	12
1360	103	5	12
1361	104	5	12
1362	97	5	12
1363	98	5	12
1364	60	5	12
1365	52	5	12
1366	61	5	12
1367	105	5	12
1368	31	5	12
1369	34	5	12
1370	13	5	12
1371	54	5	12
1372	8	5	12
1373	62	5	12
1374	106	5	12
1375	24	5	12
1376	5	5	12
1377	107	5	12
1378	108	5	12
1379	63	5	12
1380	23	5	12
1381	27	5	12
1382	35	5	12
1383	64	5	12
1384	55	5	12
1385	66	5	12
1386	115	5	12
1387	67	5	12
1388	14	5	12
1389	69	5	12
1390	9	5	12
1391	70	5	12
1392	99	5	12
1393	71	5	12
1394	116	5	12
1395	72	5	12
1396	96	5	12
1397	53	5	12
1398	76	5	12
1399	77	5	12
1400	100	5	12
1401	80	5	12
1402	81	5	12
1403	25	5	12
1404	109	5	12
1405	47	5	12
1406	84	5	12
1407	110	5	12
1408	56	5	12
1409	85	5	12
1410	20	5	12
1411	86	5	12
1412	37	5	12
1413	87	5	12
1414	10	5	12
1415	11	5	12
1416	50	5	12
1417	51	5	12
1418	111	5	12
1419	112	5	12
1420	101	5	12
1421	102	5	12
1422	28	5	12
1423	91	5	12
1424	33	5	12
1425	38	5	12
1426	26	5	12
1427	113	5	12
1428	92	5	12
1429	4	5	12
1430	30	5	12
1431	114	5	12
1432	117	5	12
1433	16	5	12
1434	95	5	12
1435	59	5	13
1436	21	5	13
1437	103	5	13
1438	98	5	13
1439	60	5	13
1440	57	5	13
1441	61	5	13
1442	105	5	13
1443	31	5	13
1444	34	5	13
1445	13	5	13
1446	54	5	13
1447	8	5	13
1448	24	5	13
1449	118	5	13
1450	5	5	13
1451	107	5	13
1452	63	5	13
1453	23	5	13
1454	35	5	13
1455	64	5	13
1456	55	5	13
1457	66	5	13
1458	115	5	13
1459	67	5	13
1460	14	5	13
1461	69	5	13
1462	9	5	13
1463	70	5	13
1464	99	5	13
1465	71	5	13
1466	116	5	13
1467	72	5	13
1468	119	5	13
1469	53	5	13
1470	76	5	13
1471	77	5	13
1472	100	5	13
1473	80	5	13
1474	81	5	13
1475	25	5	13
1476	109	5	13
1477	47	5	13
1478	120	5	13
1479	84	5	13
1480	110	5	13
1481	56	5	13
1482	85	5	13
1483	20	5	13
1484	86	5	13
1485	37	5	13
1486	87	5	13
1487	10	5	13
1488	11	5	13
1489	50	5	13
1490	51	5	13
1491	111	5	13
1492	112	5	13
1493	12	5	13
1494	101	5	13
1495	102	5	13
1496	28	5	13
1497	33	5	13
1498	38	5	13
1499	26	5	13
1500	113	5	13
1501	92	5	13
1502	4	5	13
1503	30	5	13
1504	114	5	13
1505	117	5	13
1506	16	5	13
1507	59	5	14
1508	21	5	14
1509	103	5	14
1510	98	5	14
1511	60	5	14
1512	57	5	14
1513	61	5	14
1514	105	5	14
1515	31	5	14
1516	34	5	14
1517	13	5	14
1518	54	5	14
1519	8	5	14
1520	24	5	14
1521	118	5	14
1522	5	5	14
1523	107	5	14
1524	63	5	14
1525	23	5	14
1526	35	5	14
1527	64	5	14
1528	55	5	14
1529	66	5	14
1530	115	5	14
1531	67	5	14
1532	14	5	14
1533	69	5	14
1534	9	5	14
1535	70	5	14
1536	99	5	14
1537	71	5	14
1538	116	5	14
1539	72	5	14
1540	119	5	14
1541	53	5	14
1542	76	5	14
1543	77	5	14
1544	100	5	14
1545	80	5	14
1546	81	5	14
1547	25	5	14
1548	109	5	14
1549	47	5	14
1550	120	5	14
1551	84	5	14
1552	110	5	14
1553	56	5	14
1554	85	5	14
1555	20	5	14
1556	86	5	14
1557	37	5	14
1558	87	5	14
1559	10	5	14
1560	11	5	14
1561	50	5	14
1562	51	5	14
1563	111	5	14
1564	112	5	14
1565	12	5	14
1566	101	5	14
1567	102	5	14
1568	28	5	14
1569	33	5	14
1570	38	5	14
1571	26	5	14
1572	113	5	14
1573	92	5	14
1574	4	5	14
1575	30	5	14
1576	114	5	14
1577	117	5	14
1578	16	5	14
1579	59	5	15
1580	21	5	15
1581	98	5	15
1582	60	5	15
1583	57	5	15
1584	61	5	15
1585	105	5	15
1586	31	5	15
1587	34	5	15
1588	13	5	15
1589	54	5	15
1590	24	5	15
1591	118	5	15
1592	5	5	15
1593	107	5	15
1594	63	5	15
1595	23	5	15
1596	35	5	15
1597	64	5	15
1598	66	5	15
1599	115	5	15
1600	67	5	15
1601	14	5	15
1602	69	5	15
1603	9	5	15
1604	70	5	15
1605	71	5	15
1606	116	5	15
1607	72	5	15
1608	119	5	15
1609	53	5	15
1610	76	5	15
1611	77	5	15
1612	100	5	15
1613	80	5	15
1614	81	5	15
1615	25	5	15
1616	47	5	15
1617	120	5	15
1618	84	5	15
1619	110	5	15
1620	56	5	15
1621	20	5	15
1622	86	5	15
1623	37	5	15
1624	87	5	15
1625	10	5	15
1626	48	5	15
1627	11	5	15
1628	50	5	15
1629	51	5	15
1630	111	5	15
1631	112	5	15
1632	121	5	15
1633	12	5	15
1634	101	5	15
1635	102	5	15
1636	28	5	15
1637	33	5	15
1638	38	5	15
1639	26	5	15
1640	113	5	15
1641	92	5	15
1642	4	5	15
1643	30	5	15
1644	117	5	15
1645	16	5	15
1646	59	5	16
1647	21	5	16
1648	98	5	16
1649	60	5	16
1650	57	5	16
1651	61	5	16
1652	105	5	16
1653	31	5	16
1654	34	5	16
1655	13	5	16
1656	54	5	16
1657	24	5	16
1658	118	5	16
1659	5	5	16
1660	107	5	16
1661	63	5	16
1662	23	5	16
1663	35	5	16
1664	64	5	16
1665	66	5	16
1666	115	5	16
1667	67	5	16
1668	14	5	16
1669	69	5	16
1670	9	5	16
1671	70	5	16
1672	71	5	16
1673	116	5	16
1674	72	5	16
1675	119	5	16
1676	53	5	16
1677	76	5	16
1678	77	5	16
1679	100	5	16
1680	80	5	16
1681	81	5	16
1682	25	5	16
1683	47	5	16
1684	120	5	16
1685	84	5	16
1686	110	5	16
1687	56	5	16
1688	20	5	16
1689	86	5	16
1690	37	5	16
1691	87	5	16
1692	10	5	16
1693	48	5	16
1694	11	5	16
1695	50	5	16
1696	51	5	16
1697	111	5	16
1698	112	5	16
1699	121	5	16
1700	12	5	16
1701	101	5	16
1702	102	5	16
1703	28	5	16
1704	33	5	16
1705	38	5	16
1706	26	5	16
1707	113	5	16
1708	92	5	16
1709	4	5	16
1710	30	5	16
1711	117	5	16
1712	16	5	16
1713	59	5	17
1714	21	5	17
1715	97	5	17
1716	98	5	17
1717	60	5	17
1718	57	5	17
1719	61	5	17
1720	105	5	17
1721	31	5	17
1722	34	5	17
1723	13	5	17
1724	54	5	17
1725	62	5	17
1726	24	5	17
1727	41	5	17
1728	118	5	17
1729	5	5	17
1730	107	5	17
1731	63	5	17
1732	23	5	17
1733	27	5	17
1734	35	5	17
1735	64	5	17
1736	66	5	17
1737	115	5	17
1738	67	5	17
1739	14	5	17
1740	69	5	17
1741	9	5	17
1742	70	5	17
1743	71	5	17
1744	116	5	17
1745	72	5	17
1746	74	5	17
1747	119	5	17
1748	53	5	17
1749	76	5	17
1750	122	5	17
1751	77	5	17
1752	78	5	17
1753	80	5	17
1754	81	5	17
1755	25	5	17
1756	47	5	17
1757	84	5	17
1758	110	5	17
1759	56	5	17
1760	20	5	17
1761	86	5	17
1762	37	5	17
1763	87	5	17
1764	10	5	17
1765	48	5	17
1766	11	5	17
1767	50	5	17
1768	89	5	17
1769	51	5	17
1770	111	5	17
1771	112	5	17
1772	121	5	17
1773	12	5	17
1774	101	5	17
1775	123	5	17
1776	102	5	17
1777	28	5	17
1778	91	5	17
1779	33	5	17
1780	38	5	17
1781	124	5	17
1782	26	5	17
1783	113	5	17
1784	92	5	17
1785	4	5	17
1786	30	5	17
1787	93	5	17
1788	3	5	17
1789	117	5	17
1790	16	5	17
1791	40	5	17
1792	43	5	17
1793	59	5	18
1794	21	5	18
1795	97	5	18
1796	98	5	18
1797	60	5	18
1798	57	5	18
1799	61	5	18
1800	105	5	18
1801	31	5	18
1802	34	5	18
1803	13	5	18
1804	54	5	18
1805	62	5	18
1806	24	5	18
1807	41	5	18
1808	118	5	18
1809	5	5	18
1810	107	5	18
1811	63	5	18
1812	23	5	18
1813	27	5	18
1814	35	5	18
1815	64	5	18
1816	66	5	18
1817	115	5	18
1818	67	5	18
1819	14	5	18
1820	69	5	18
1821	9	5	18
1822	70	5	18
1823	71	5	18
1824	116	5	18
1825	72	5	18
1826	74	5	18
1827	119	5	18
1828	53	5	18
1829	76	5	18
1830	122	5	18
1831	77	5	18
1832	78	5	18
1833	80	5	18
1834	81	5	18
1835	25	5	18
1836	47	5	18
1837	84	5	18
1838	110	5	18
1839	56	5	18
1840	20	5	18
1841	86	5	18
1842	37	5	18
1843	87	5	18
1844	10	5	18
1845	48	5	18
1846	11	5	18
1847	50	5	18
1848	89	5	18
1849	51	5	18
1850	111	5	18
1851	112	5	18
1852	121	5	18
1853	12	5	18
1854	101	5	18
1855	123	5	18
1856	102	5	18
1857	28	5	18
1858	91	5	18
1859	33	5	18
1860	38	5	18
1861	124	5	18
1862	26	5	18
1863	113	5	18
1864	92	5	18
1865	4	5	18
1866	30	5	18
1867	93	5	18
1868	3	5	18
1869	117	5	18
1870	16	5	18
1871	40	5	18
1872	43	5	18
1873	59	5	19
1874	21	5	19
1875	97	5	19
1876	98	5	19
1877	60	5	19
1878	57	5	19
1879	61	5	19
1880	105	5	19
1881	31	5	19
1882	34	5	19
1883	13	5	19
1884	62	5	19
1885	24	5	19
1886	41	5	19
1887	118	5	19
1888	5	5	19
1889	107	5	19
1890	63	5	19
1891	23	5	19
1892	27	5	19
1893	35	5	19
1894	64	5	19
1895	125	5	19
1896	66	5	19
1897	115	5	19
1898	67	5	19
1899	14	5	19
1900	69	5	19
1901	9	5	19
1902	70	5	19
1903	71	5	19
1904	116	5	19
1905	72	5	19
1906	74	5	19
1907	119	5	19
1908	53	5	19
1909	76	5	19
1910	122	5	19
1911	77	5	19
1912	78	5	19
1913	100	5	19
1914	79	5	19
1915	80	5	19
1916	81	5	19
1917	25	5	19
1918	82	5	19
1919	47	5	19
1920	84	5	19
1921	110	5	19
1922	56	5	19
1923	20	5	19
1924	86	5	19
1925	37	5	19
1926	87	5	19
1927	88	5	19
1928	10	5	19
1929	48	5	19
1930	11	5	19
1931	50	5	19
1932	89	5	19
1933	51	5	19
1934	111	5	19
1935	121	5	19
1936	12	5	19
1937	101	5	19
1938	123	5	19
1939	102	5	19
1940	28	5	19
1941	91	5	19
1942	33	5	19
1943	38	5	19
1944	39	5	19
1945	124	5	19
1946	26	5	19
1947	113	5	19
1948	92	5	19
1949	4	5	19
1950	93	5	19
1951	3	5	19
1952	117	5	19
1953	16	5	19
1954	40	5	19
1955	43	5	19
1956	59	5	20
1957	21	5	20
1958	97	5	20
1959	98	5	20
1960	60	5	20
1961	57	5	20
1962	61	5	20
1963	105	5	20
1964	31	5	20
1965	34	5	20
1966	13	5	20
1967	62	5	20
1968	24	5	20
1969	41	5	20
1970	118	5	20
1971	5	5	20
1972	107	5	20
1973	63	5	20
1974	23	5	20
1975	27	5	20
1976	35	5	20
1977	64	5	20
1978	125	5	20
1979	66	5	20
1980	115	5	20
1981	67	5	20
1982	14	5	20
1983	69	5	20
1984	9	5	20
1985	70	5	20
1986	71	5	20
1987	116	5	20
1988	72	5	20
1989	74	5	20
1990	119	5	20
1991	53	5	20
1992	76	5	20
1993	122	5	20
1994	77	5	20
1995	78	5	20
1996	100	5	20
1997	79	5	20
1998	80	5	20
1999	81	5	20
2000	25	5	20
2001	82	5	20
2002	47	5	20
2003	84	5	20
2004	110	5	20
2005	56	5	20
2006	20	5	20
2007	86	5	20
2008	37	5	20
2009	87	5	20
2010	88	5	20
2011	10	5	20
2012	48	5	20
2013	11	5	20
2014	50	5	20
2015	89	5	20
2016	51	5	20
2017	111	5	20
2018	121	5	20
2019	12	5	20
2020	101	5	20
2021	123	5	20
2022	102	5	20
2023	28	5	20
2024	91	5	20
2025	33	5	20
2026	38	5	20
2027	39	5	20
2028	124	5	20
2029	26	5	20
2030	113	5	20
2031	92	5	20
2032	4	5	20
2033	93	5	20
2034	3	5	20
2035	117	5	20
2036	16	5	20
2037	40	5	20
2038	43	5	20
2039	59	5	21
2040	21	5	21
2041	97	5	21
2042	98	5	21
2043	60	5	21
2044	57	5	21
2045	61	5	21
2046	31	5	21
2047	34	5	21
2048	13	5	21
2049	62	5	21
2050	24	5	21
2051	41	5	21
2052	118	5	21
2053	5	5	21
2054	107	5	21
2055	63	5	21
2056	23	5	21
2057	27	5	21
2058	35	5	21
2059	64	5	21
2060	125	5	21
2061	66	5	21
2062	115	5	21
2063	67	5	21
2064	14	5	21
2065	69	5	21
2066	70	5	21
2067	71	5	21
2068	116	5	21
2069	72	5	21
2070	74	5	21
2071	119	5	21
2072	75	5	21
2073	53	5	21
2074	76	5	21
2075	77	5	21
2076	78	5	21
2077	100	5	21
2078	79	5	21
2079	80	5	21
2080	81	5	21
2081	25	5	21
2082	82	5	21
2083	83	5	21
2084	47	5	21
2085	84	5	21
2086	20	5	21
2087	86	5	21
2088	37	5	21
2089	87	5	21
2090	88	5	21
2091	48	5	21
2092	11	5	21
2093	50	5	21
2094	89	5	21
2095	51	5	21
2096	111	5	21
2097	121	5	21
2098	90	5	21
2099	12	5	21
2100	101	5	21
2101	123	5	21
2102	102	5	21
2103	28	5	21
2104	91	5	21
2105	33	5	21
2106	38	5	21
2107	39	5	21
2108	124	5	21
2109	26	5	21
2110	92	5	21
2111	93	5	21
2112	3	5	21
2113	94	5	21
2114	117	5	21
2115	16	5	21
2116	40	5	21
2117	95	5	21
2118	43	5	21
2119	59	5	22
2120	21	5	22
2121	97	5	22
2122	98	5	22
2123	60	5	22
2124	57	5	22
2125	61	5	22
2126	31	5	22
2127	34	5	22
2128	13	5	22
2129	62	5	22
2130	24	5	22
2131	41	5	22
2132	118	5	22
2133	5	5	22
2134	107	5	22
2135	63	5	22
2136	23	5	22
2137	27	5	22
2138	35	5	22
2139	64	5	22
2140	125	5	22
2141	66	5	22
2142	115	5	22
2143	67	5	22
2144	14	5	22
2145	69	5	22
2146	70	5	22
2147	71	5	22
2148	116	5	22
2149	72	5	22
2150	74	5	22
2151	119	5	22
2152	75	5	22
2153	53	5	22
2154	76	5	22
2155	77	5	22
2156	78	5	22
2157	100	5	22
2158	79	5	22
2159	80	5	22
2160	81	5	22
2161	25	5	22
2162	82	5	22
2163	83	5	22
2164	47	5	22
2165	84	5	22
2166	20	5	22
2167	86	5	22
2168	37	5	22
2169	87	5	22
2170	88	5	22
2171	48	5	22
2172	11	5	22
2173	50	5	22
2174	89	5	22
2175	51	5	22
2176	111	5	22
2177	121	5	22
2178	90	5	22
2179	12	5	22
2180	101	5	22
2181	123	5	22
2182	102	5	22
2183	28	5	22
2184	91	5	22
2185	33	5	22
2186	38	5	22
2187	39	5	22
2188	124	5	22
2189	26	5	22
2190	92	5	22
2191	93	5	22
2192	3	5	22
2193	94	5	22
2194	117	5	22
2195	16	5	22
2196	40	5	22
2197	95	5	22
2198	43	5	22
2199	59	5	23
2200	21	5	23
2201	97	5	23
2202	60	5	23
2203	57	5	23
2204	61	5	23
2205	31	5	23
2206	34	5	23
2207	13	5	23
2208	62	5	23
2209	24	5	23
2210	41	5	23
2211	118	5	23
2212	5	5	23
2213	63	5	23
2214	23	5	23
2215	27	5	23
2216	35	5	23
2217	64	5	23
2218	125	5	23
2219	66	5	23
2220	67	5	23
2221	69	5	23
2222	70	5	23
2223	71	5	23
2224	72	5	23
2225	74	5	23
2226	119	5	23
2227	75	5	23
2228	53	5	23
2229	76	5	23
2230	77	5	23
2231	78	5	23
2232	100	5	23
2233	79	5	23
2234	80	5	23
2235	81	5	23
2236	25	5	23
2237	82	5	23
2238	83	5	23
2239	84	5	23
2240	86	5	23
2241	37	5	23
2242	87	5	23
2243	88	5	23
2244	48	5	23
2245	50	5	23
2246	89	5	23
2247	51	5	23
2248	121	5	23
2249	90	5	23
2250	12	5	23
2251	102	5	23
2252	28	5	23
2253	91	5	23
2254	39	5	23
2255	124	5	23
2256	26	5	23
2257	92	5	23
2258	93	5	23
2259	3	5	23
2260	94	5	23
2261	40	5	23
2262	95	5	23
2263	43	5	23
2264	59	5	24
2265	21	5	24
2266	97	5	24
2267	60	5	24
2268	57	5	24
2269	61	5	24
2270	31	5	24
2271	34	5	24
2272	13	5	24
2273	62	5	24
2274	24	5	24
2275	41	5	24
2276	118	5	24
2277	5	5	24
2278	63	5	24
2279	23	5	24
2280	27	5	24
2281	35	5	24
2282	64	5	24
2283	125	5	24
2284	66	5	24
2285	67	5	24
2286	69	5	24
2287	70	5	24
2288	71	5	24
2289	72	5	24
2290	74	5	24
2291	119	5	24
2292	75	5	24
2293	53	5	24
2294	76	5	24
2295	77	5	24
2296	78	5	24
2297	100	5	24
2298	79	5	24
2299	80	5	24
2300	81	5	24
2301	25	5	24
2302	82	5	24
2303	83	5	24
2304	84	5	24
2305	86	5	24
2306	37	5	24
2307	87	5	24
2308	88	5	24
2309	48	5	24
2310	50	5	24
2311	89	5	24
2312	51	5	24
2313	121	5	24
2314	90	5	24
2315	12	5	24
2316	102	5	24
2317	28	5	24
2318	91	5	24
2319	39	5	24
2320	124	5	24
2321	26	5	24
2322	92	5	24
2323	93	5	24
2324	3	5	24
2325	94	5	24
2326	40	5	24
2327	95	5	24
2328	43	5	24
2329	97	5	1
2330	52	5	1
2331	126	5	1
2332	127	5	1
2333	35	5	1
2334	128	5	1
2335	129	5	1
2336	130	5	1
2337	100	5	1
2338	131	5	1
2339	132	5	1
2340	133	5	1
2341	4	5	1
2342	134	5	1
2343	97	5	2
2344	52	5	2
2345	126	5	2
2346	127	5	2
2347	35	5	2
2348	128	5	2
2349	129	5	2
2350	130	5	2
2351	100	5	2
2352	131	5	2
2353	132	5	2
2354	133	5	2
2355	4	5	2
2356	134	5	2
2357	97	5	3
2358	126	5	3
2359	35	5	3
2360	128	5	3
2361	129	5	3
2362	130	5	3
2363	100	5	3
2364	131	5	3
2365	132	5	3
2366	133	5	3
2367	4	5	3
2368	134	5	3
2369	97	5	4
2370	126	5	4
2371	35	5	4
2372	128	5	4
2373	129	5	4
2374	130	5	4
2375	100	5	4
2376	131	5	4
2377	132	5	4
2378	133	5	4
2379	4	5	4
2380	134	5	4
2381	126	5	5
2382	35	5	5
2383	128	5	5
2384	129	5	5
2385	130	5	5
2386	100	5	5
2387	131	5	5
2388	132	5	5
2389	133	5	5
2390	134	5	5
2391	126	5	6
2392	35	5	6
2393	128	5	6
2394	129	5	6
2395	130	5	6
2396	100	5	6
2397	131	5	6
2398	132	5	6
2399	133	5	6
2400	134	5	6
2401	105	5	7
2402	14	5	7
2403	128	5	7
2404	45	5	7
2405	129	5	7
2406	130	5	7
2407	131	5	7
2408	132	5	7
2409	56	5	7
2410	133	5	7
2411	33	5	7
2412	134	5	7
2413	105	5	8
2414	14	5	8
2415	128	5	8
2416	45	5	8
2417	129	5	8
2418	130	5	8
2419	131	5	8
2420	132	5	8
2421	56	5	8
2422	133	5	8
2423	33	5	8
2424	134	5	8
2425	57	5	9
2426	44	5	9
2427	66	5	9
2428	115	5	9
2429	128	5	9
2430	116	5	9
2431	74	5	9
2432	45	5	9
2433	129	5	9
2434	130	5	9
2435	79	5	9
2436	131	5	9
2437	132	5	9
2438	20	5	9
2439	133	5	9
2440	40	5	9
2441	135	5	9
2442	57	5	10
2443	44	5	10
2444	66	5	10
2445	115	5	10
2446	128	5	10
2447	116	5	10
2448	74	5	10
2449	45	5	10
2450	129	5	10
2451	130	5	10
2452	79	5	10
2453	131	5	10
2454	132	5	10
2455	20	5	10
2456	133	5	10
2457	40	5	10
2458	135	5	10
2459	57	5	11
2460	44	5	11
2461	74	5	11
2462	119	5	11
2463	45	5	11
2464	129	5	11
2465	79	5	11
2466	131	5	11
2467	132	5	11
2468	133	5	11
2469	48	5	11
2470	12	5	11
2471	40	5	11
2472	135	5	11
2473	57	5	12
2474	44	5	12
2475	74	5	12
2476	119	5	12
2477	45	5	12
2478	129	5	12
2479	79	5	12
2480	131	5	12
2481	132	5	12
2482	133	5	12
2483	48	5	12
2484	12	5	12
2485	40	5	12
2486	135	5	12
2487	97	5	13
2488	52	5	13
2489	44	5	13
2490	27	5	13
2491	74	5	13
2492	45	5	13
2493	129	5	13
2494	131	5	13
2495	133	5	13
2496	48	5	13
2497	136	5	13
2498	40	5	13
2499	135	5	13
2500	97	5	14
2501	52	5	14
2502	44	5	14
2503	27	5	14
2504	74	5	14
2505	45	5	14
2506	129	5	14
2507	131	5	14
2508	133	5	14
2509	48	5	14
2510	136	5	14
2511	40	5	14
2512	135	5	14
2513	97	5	15
2514	52	5	15
2515	44	5	15
2516	27	5	15
2517	137	5	15
2518	74	5	15
2519	45	5	15
2520	129	5	15
2521	131	5	15
2522	133	5	15
2523	89	5	15
2524	136	5	15
2525	40	5	15
2526	135	5	15
2527	43	5	15
2528	97	5	16
2529	52	5	16
2530	44	5	16
2531	27	5	16
2532	137	5	16
2533	74	5	16
2534	45	5	16
2535	129	5	16
2536	131	5	16
2537	133	5	16
2538	89	5	16
2539	136	5	16
2540	40	5	16
2541	135	5	16
2542	43	5	16
2543	52	5	17
2544	44	5	17
2545	137	5	17
2546	45	5	17
2547	129	5	17
2548	75	5	17
2549	100	5	17
2550	131	5	17
2551	133	5	17
2552	138	5	17
2553	136	5	17
2554	135	5	17
2555	52	5	18
2556	44	5	18
2557	137	5	18
2558	45	5	18
2559	129	5	18
2560	75	5	18
2561	100	5	18
2562	131	5	18
2563	133	5	18
2564	138	5	18
2565	136	5	18
2566	135	5	18
2567	52	5	19
2568	44	5	19
2569	127	5	19
2570	65	5	19
2571	137	5	19
2572	45	5	19
2573	129	5	19
2574	75	5	19
2575	131	5	19
2576	133	5	19
2577	138	5	19
2578	136	5	19
2579	30	5	19
2580	134	5	19
2581	94	5	19
2582	135	5	19
2583	139	5	19
2584	52	5	20
2585	44	5	20
2586	127	5	20
2587	65	5	20
2588	137	5	20
2589	45	5	20
2590	129	5	20
2591	75	5	20
2592	131	5	20
2593	133	5	20
2594	138	5	20
2595	136	5	20
2596	30	5	20
2597	134	5	20
2598	94	5	20
2599	135	5	20
2600	139	5	20
2601	52	5	21
2602	105	5	21
2603	44	5	21
2604	127	5	21
2605	65	5	21
2606	137	5	21
2607	9	5	21
2608	45	5	21
2609	129	5	21
2610	131	5	21
2611	133	5	21
2612	10	5	21
2613	138	5	21
2614	136	5	21
2615	30	5	21
2616	134	5	21
2617	135	5	21
2618	139	5	21
2619	52	5	22
2620	105	5	22
2621	44	5	22
2622	127	5	22
2623	65	5	22
2624	137	5	22
2625	9	5	22
2626	45	5	22
2627	129	5	22
2628	131	5	22
2629	133	5	22
2630	10	5	22
2631	138	5	22
2632	136	5	22
2633	30	5	22
2634	134	5	22
2635	135	5	22
2636	139	5	22
2637	105	5	23
2638	137	5	23
2639	115	5	23
2640	14	5	23
2641	9	5	23
2642	45	5	23
2643	129	5	23
2644	131	5	23
2645	20	5	23
2646	138	5	23
2647	30	5	23
2648	117	5	23
2649	16	5	23
2650	135	5	23
2651	139	5	23
2652	105	5	24
2653	137	5	24
2654	115	5	24
2655	14	5	24
2656	9	5	24
2657	45	5	24
2658	129	5	24
2659	131	5	24
2660	20	5	24
2661	138	5	24
2662	30	5	24
2663	117	5	24
2664	16	5	24
2665	135	5	24
2666	139	5	24
2667	21	6	1
2668	37	6	1
2669	140	6	1
2670	141	6	1
2671	12	6	1
2672	21	6	2
2673	37	6	2
2674	140	6	2
2675	141	6	2
2676	12	6	2
2677	21	6	3
2678	37	6	3
2679	140	6	3
2680	141	6	3
2681	12	6	3
2682	21	6	4
2683	37	6	4
2684	140	6	4
2685	141	6	4
2686	12	6	4
2687	21	6	5
2688	37	6	5
2689	140	6	5
2690	141	6	5
2691	12	6	5
2692	21	6	6
2693	140	6	6
2694	141	6	6
2695	12	6	6
2696	21	6	7
2697	140	6	7
2698	141	6	7
2699	12	6	7
2700	21	6	8
2701	140	6	8
2702	141	6	8
2703	12	6	8
2704	21	6	9
2705	52	6	9
2706	140	6	9
2707	141	6	9
2708	12	6	9
2709	38	6	9
2710	21	6	10
2711	52	6	10
2712	140	6	10
2713	141	6	10
2714	12	6	10
2715	38	6	10
2716	25	6	11
2717	140	6	11
2718	141	6	11
2719	12	6	11
2720	38	6	11
2721	4	6	11
2722	55	6	12
2723	25	6	12
2724	140	6	12
2725	141	6	12
2726	12	6	12
2727	38	6	12
2728	4	6	12
2729	103	6	13
2730	34	6	13
2731	24	6	13
2732	55	6	13
2733	25	6	13
2734	140	6	13
2735	141	6	13
2736	12	6	13
2737	38	6	13
2738	4	6	13
2739	103	6	14
2740	34	6	14
2741	24	6	14
2742	5	6	14
2743	35	6	14
2744	14	6	14
2745	45	6	14
2746	25	6	14
2747	140	6	14
2748	141	6	14
2749	12	6	14
2750	38	6	14
2751	4	6	14
2752	15	6	14
2753	16	6	14
2754	103	6	15
2755	34	6	15
2756	13	6	15
2757	24	6	15
2758	5	6	15
2759	18	6	15
2760	23	6	15
2761	27	6	15
2762	35	6	15
2763	137	6	15
2764	14	6	15
2765	45	6	15
2766	53	6	15
2767	142	6	15
2768	25	6	15
2769	37	6	15
2770	10	6	15
2771	140	6	15
2772	111	6	15
2773	141	6	15
2774	12	6	15
2775	33	6	15
2776	38	6	15
2777	6	6	15
2778	4	6	15
2779	15	6	15
2780	16	6	15
2781	21	6	16
2782	34	6	16
2783	13	6	16
2784	24	6	16
2785	5	6	16
2786	18	6	16
2787	23	6	16
2788	27	6	16
2789	35	6	16
2790	137	6	16
2791	14	6	16
2792	9	6	16
2793	45	6	16
2794	53	6	16
2795	142	6	16
2796	25	6	16
2797	37	6	16
2798	10	6	16
2799	48	6	16
2800	140	6	16
2801	111	6	16
2802	141	6	16
2803	12	6	16
2804	33	6	16
2805	38	6	16
2806	6	6	16
2807	4	6	16
2808	15	6	16
2809	16	6	16
2810	21	6	17
2811	34	6	17
2812	13	6	17
2813	24	6	17
2814	5	6	17
2815	18	6	17
2816	23	6	17
2817	27	6	17
2818	35	6	17
2819	137	6	17
2820	14	6	17
2821	9	6	17
2822	119	6	17
2823	45	6	17
2824	53	6	17
2825	142	6	17
2826	25	6	17
2827	37	6	17
2828	10	6	17
2829	48	6	17
2830	140	6	17
2831	111	6	17
2832	141	6	17
2833	12	6	17
2834	22	6	17
2835	33	6	17
2836	38	6	17
2837	6	6	17
2838	4	6	17
2839	15	6	17
2840	16	6	17
2841	17	6	17
2842	21	6	18
2843	34	6	18
2844	13	6	18
2845	24	6	18
2846	5	6	18
2847	18	6	18
2848	23	6	18
2849	27	6	18
2850	35	6	18
2851	137	6	18
2852	14	6	18
2853	9	6	18
2854	119	6	18
2855	45	6	18
2856	53	6	18
2857	142	6	18
2858	25	6	18
2859	37	6	18
2860	48	6	18
2861	140	6	18
2862	141	6	18
2863	12	6	18
2864	22	6	18
2865	33	6	18
2866	38	6	18
2867	6	6	18
2868	4	6	18
2869	15	6	18
2870	16	6	18
2871	17	6	18
2872	21	6	19
2873	24	6	19
2874	5	6	19
2875	18	6	19
2876	23	6	19
2877	27	6	19
2878	35	6	19
2879	137	6	19
2880	14	6	19
2881	9	6	19
2882	119	6	19
2883	53	6	19
2884	142	6	19
2885	25	6	19
2886	37	6	19
2887	140	6	19
2888	141	6	19
2889	12	6	19
2890	22	6	19
2891	33	6	19
2892	6	6	19
2893	15	6	19
2894	16	6	19
2895	17	6	19
2896	21	6	20
2897	5	6	20
2898	23	6	20
2899	27	6	20
2900	25	6	20
2901	37	6	20
2902	140	6	20
2903	141	6	20
2904	12	6	20
2905	22	6	20
2906	6	6	20
2907	21	6	21
2908	23	6	21
2909	37	6	21
2910	140	6	21
2911	141	6	21
2912	12	6	21
2913	6	6	21
2914	21	6	22
2915	23	6	22
2916	37	6	22
2917	140	6	22
2918	141	6	22
2919	12	6	22
2920	6	6	22
2921	21	6	23
2922	37	6	23
2923	140	6	23
2924	141	6	23
2925	12	6	23
2926	21	6	24
2927	37	6	24
2928	140	6	24
2929	141	6	24
2930	12	6	24
2931	84	7	1
2932	84	7	2
2933	84	7	3
2934	84	7	4
2935	84	7	5
2936	84	7	6
2937	53	7	7
2938	84	7	7
2939	16	7	7
2940	53	7	8
2941	84	7	8
2942	92	7	8
2943	16	7	8
2944	53	7	9
2945	25	7	9
2946	84	7	9
2947	92	7	9
2948	16	7	9
2949	53	7	10
2950	25	7	10
2951	84	7	10
2952	92	7	10
2953	16	7	10
2954	24	7	11
2955	5	7	11
2956	27	7	11
2957	1	7	11
2958	53	7	11
2959	100	7	11
2960	25	7	11
2961	84	7	11
2962	92	7	11
2963	4	7	11
2964	16	7	11
2965	24	7	12
2966	5	7	12
2967	27	7	12
2968	55	7	12
2969	14	7	12
2970	1	7	12
2971	53	7	12
2972	100	7	12
2973	80	7	12
2974	25	7	12
2975	84	7	12
2976	33	7	12
2977	92	7	12
2978	4	7	12
2979	30	7	12
2980	16	7	12
2981	31	7	13
2982	34	7	13
2983	8	7	13
2984	24	7	13
2985	5	7	13
2986	18	7	13
2987	23	7	13
2988	27	7	13
2989	55	7	13
2990	14	7	13
2991	72	7	13
2992	1	7	13
2993	53	7	13
2994	100	7	13
2995	80	7	13
2996	25	7	13
2997	84	7	13
2998	37	7	13
2999	10	7	13
3000	50	7	13
3001	33	7	13
3002	92	7	13
3003	4	7	13
3004	30	7	13
3005	15	7	13
3006	16	7	13
3007	21	7	14
3008	31	7	14
3009	34	7	14
3010	8	7	14
3011	24	7	14
3012	5	7	14
3013	18	7	14
3014	23	7	14
3015	55	7	14
3016	14	7	14
3017	9	7	14
3018	72	7	14
3019	1	7	14
3020	53	7	14
3021	100	7	14
3022	80	7	14
3023	25	7	14
3024	84	7	14
3025	37	7	14
3026	10	7	14
3027	50	7	14
3028	111	7	14
3029	12	7	14
3030	33	7	14
3031	30	7	14
3032	15	7	14
3033	16	7	14
3034	43	7	14
3035	21	7	15
3036	31	7	15
3037	34	7	15
3038	8	7	15
3039	24	7	15
3040	5	7	15
3041	18	7	15
3042	23	7	15
3043	14	7	15
3044	9	7	15
3045	72	7	15
3046	1	7	15
3047	53	7	15
3048	80	7	15
3049	25	7	15
3050	84	7	15
3051	56	7	15
3052	37	7	15
3053	10	7	15
3054	48	7	15
3055	50	7	15
3056	111	7	15
3057	12	7	15
3058	30	7	15
3059	15	7	15
3060	16	7	15
3061	17	7	15
3062	43	7	15
3063	21	7	16
3064	31	7	16
3065	34	7	16
3066	8	7	16
3067	24	7	16
3068	5	7	16
3069	18	7	16
3070	23	7	16
3071	14	7	16
3072	9	7	16
3073	72	7	16
3074	1	7	16
3075	53	7	16
3076	80	7	16
3077	25	7	16
3078	84	7	16
3079	56	7	16
3080	37	7	16
3081	10	7	16
3082	48	7	16
3083	50	7	16
3084	111	7	16
3085	12	7	16
3086	30	7	16
3087	15	7	16
3088	16	7	16
3089	17	7	16
3090	43	7	16
3091	21	7	17
3092	31	7	17
3093	34	7	17
3094	8	7	17
3095	24	7	17
3096	5	7	17
3097	18	7	17
3098	23	7	17
3099	27	7	17
3100	14	7	17
3101	9	7	17
3102	72	7	17
3103	1	7	17
3104	53	7	17
3105	100	7	17
3106	80	7	17
3107	25	7	17
3108	84	7	17
3109	56	7	17
3110	37	7	17
3111	10	7	17
3112	48	7	17
3113	50	7	17
3114	111	7	17
3115	12	7	17
3116	33	7	17
3117	30	7	17
3118	15	7	17
3119	16	7	17
3120	40	7	17
3121	17	7	17
3122	43	7	17
3123	21	7	18
3124	31	7	18
3125	34	7	18
3126	24	7	18
3127	5	7	18
3128	18	7	18
3129	23	7	18
3130	27	7	18
3131	14	7	18
3132	9	7	18
3133	72	7	18
3134	1	7	18
3135	53	7	18
3136	100	7	18
3137	80	7	18
3138	25	7	18
3139	84	7	18
3140	56	7	18
3141	37	7	18
3142	10	7	18
3143	48	7	18
3144	50	7	18
3145	111	7	18
3146	12	7	18
3147	33	7	18
3148	30	7	18
3149	15	7	18
3150	16	7	18
3151	40	7	18
3152	17	7	18
3153	43	7	18
3154	21	7	19
3155	31	7	19
3156	34	7	19
3157	24	7	19
3158	5	7	19
3159	18	7	19
3160	23	7	19
3161	27	7	19
3162	9	7	19
3163	72	7	19
3164	1	7	19
3165	53	7	19
3166	100	7	19
3167	80	7	19
3168	25	7	19
3169	84	7	19
3170	37	7	19
3171	48	7	19
3172	50	7	19
3173	12	7	19
3174	33	7	19
3175	16	7	19
3176	40	7	19
3177	17	7	19
3178	43	7	19
3179	21	7	20
3180	18	7	20
3181	23	7	20
3182	27	7	20
3183	9	7	20
3184	72	7	20
3185	1	7	20
3186	53	7	20
3187	100	7	20
3188	80	7	20
3189	25	7	20
3190	84	7	20
3191	37	7	20
3192	48	7	20
3193	50	7	20
3194	12	7	20
3195	33	7	20
3196	16	7	20
3197	40	7	20
3198	17	7	20
3199	43	7	20
3200	21	7	21
3201	23	7	21
3202	72	7	21
3203	1	7	21
3204	84	7	21
3205	37	7	21
3206	48	7	21
3207	12	7	21
3208	40	7	21
3209	43	7	21
3210	21	7	22
3211	23	7	22
3212	72	7	22
3213	1	7	22
3214	84	7	22
3215	37	7	22
3216	48	7	22
3217	12	7	22
3218	40	7	22
3219	43	7	22
3220	21	7	23
3221	72	7	23
3222	84	7	23
3223	48	7	23
3224	12	7	23
3225	40	7	23
3226	43	7	23
3227	21	7	24
3228	72	7	24
3229	84	7	24
3230	48	7	24
3231	12	7	24
3232	40	7	24
3233	43	7	24
3234	84	8	1
3235	84	8	2
3236	84	8	3
3237	84	8	4
3238	84	8	5
3239	84	8	6
3240	1	8	7
3241	84	8	7
3242	40	8	7
3243	52	8	8
3244	1	8	8
3245	84	8	8
3246	92	8	8
3247	40	8	8
3248	52	8	9
3249	1	8	9
3250	84	8	9
3251	92	8	9
3252	40	8	9
3253	52	8	10
3254	1	8	10
3255	84	8	10
3256	11	8	10
3257	92	8	10
3258	4	8	10
3259	52	8	11
3260	5	8	11
3261	1	8	11
3262	84	8	11
3263	11	8	11
3264	92	8	11
3265	4	8	11
3266	30	8	11
3267	8	8	12
3268	24	8	12
3269	5	8	12
3270	18	8	12
3271	27	8	12
3272	14	8	12
3273	1	8	12
3274	84	8	12
3275	10	8	12
3276	11	8	12
3277	12	8	12
3278	7	8	12
3279	30	8	12
3280	15	8	12
3281	16	8	12
3282	8	8	13
3283	24	8	13
3284	41	8	13
3285	5	8	13
3286	18	8	13
3287	27	8	13
3288	14	8	13
3289	1	8	13
3290	84	8	13
3291	10	8	13
3292	11	8	13
3293	50	8	13
3294	12	8	13
3295	7	8	13
3296	30	8	13
3297	15	8	13
3298	16	8	13
3299	17	8	13
3300	21	8	14
3301	41	8	14
3302	18	8	14
3303	23	8	14
3304	14	8	14
3305	9	8	14
3306	1	8	14
3307	143	8	14
3308	19	8	14
3309	84	8	14
3310	10	8	14
3311	50	8	14
3312	12	8	14
3313	7	8	14
3314	30	8	14
3315	15	8	14
3316	16	8	14
3317	17	8	14
3318	21	8	15
3319	41	8	15
3320	18	8	15
3321	23	8	15
3322	14	8	15
3323	9	8	15
3324	1	8	15
3325	143	8	15
3326	19	8	15
3327	84	8	15
3328	10	8	15
3329	50	8	15
3330	12	8	15
3331	7	8	15
3332	30	8	15
3333	15	8	15
3334	16	8	15
3335	40	8	15
3336	17	8	15
3337	21	8	16
3338	41	8	16
3339	5	8	16
3340	18	8	16
3341	23	8	16
3342	27	8	16
3343	14	8	16
3344	9	8	16
3345	1	8	16
3346	143	8	16
3347	19	8	16
3348	84	8	16
3349	10	8	16
3350	50	8	16
3351	12	8	16
3352	22	8	16
3353	7	8	16
3354	30	8	16
3355	15	8	16
3356	16	8	16
3357	40	8	16
3358	17	8	16
3359	21	8	17
3360	41	8	17
3361	5	8	17
3362	18	8	17
3363	23	8	17
3364	27	8	17
3365	14	8	17
3366	9	8	17
3367	1	8	17
3368	143	8	17
3369	19	8	17
3370	84	8	17
3371	10	8	17
3372	50	8	17
3373	12	8	17
3374	22	8	17
3375	7	8	17
3376	30	8	17
3377	15	8	17
3378	16	8	17
3379	40	8	17
3380	17	8	17
3381	21	8	18
3382	41	8	18
3383	5	8	18
3384	23	8	18
3385	27	8	18
3386	125	8	18
3387	14	8	18
3388	9	8	18
3389	1	8	18
3390	19	8	18
3391	84	8	18
3392	50	8	18
3393	22	8	18
3394	7	8	18
3395	92	8	18
3396	30	8	18
3397	3	8	18
3398	16	8	18
3399	40	8	18
3400	17	8	18
3401	21	8	19
3402	41	8	19
3403	5	8	19
3404	23	8	19
3405	27	8	19
3406	125	8	19
3407	14	8	19
3408	9	8	19
3409	1	8	19
3410	19	8	19
3411	84	8	19
3412	50	8	19
3413	22	8	19
3414	7	8	19
3415	92	8	19
3416	3	8	19
3417	16	8	19
3418	40	8	19
3419	17	8	19
3420	21	8	20
3421	41	8	20
3422	5	8	20
3423	23	8	20
3424	27	8	20
3425	125	8	20
3426	1	8	20
3427	84	8	20
3428	22	8	20
3429	92	8	20
3430	3	8	20
3431	40	8	20
3432	21	8	21
3433	41	8	21
3434	5	8	21
3435	23	8	21
3436	27	8	21
3437	125	8	21
3438	1	8	21
3439	84	8	21
3440	22	8	21
3441	92	8	21
3442	3	8	21
3443	40	8	21
3444	125	8	22
3445	1	8	22
3446	84	8	22
3447	84	8	23
3448	84	8	24
3449	61	9	1
3450	144	9	1
3451	24	9	1
3452	5	9	1
3453	145	9	1
3454	127	9	1
3455	23	9	1
3456	27	9	1
3457	35	9	1
3458	146	9	1
3459	14	9	1
3460	9	9	1
3461	70	9	1
3462	147	9	1
3463	74	9	1
3464	75	9	1
3465	143	9	1
3466	148	9	1
3467	82	9	1
3468	149	9	1
3469	84	9	1
3470	20	9	1
3471	37	9	1
3472	87	9	1
3473	150	9	1
3474	133	9	1
3475	50	9	1
3476	12	9	1
3477	151	9	1
3478	28	9	1
3479	6	9	1
3480	4	9	1
3481	15	9	1
3482	134	9	1
3483	94	9	1
3484	16	9	1
3485	17	9	1
3486	61	9	2
3487	144	9	2
3488	24	9	2
3489	5	9	2
3490	145	9	2
3491	127	9	2
3492	23	9	2
3493	27	9	2
3494	35	9	2
3495	146	9	2
3496	14	9	2
3497	9	9	2
3498	70	9	2
3499	147	9	2
3500	74	9	2
3501	75	9	2
3502	143	9	2
3503	148	9	2
3504	82	9	2
3505	149	9	2
3506	84	9	2
3507	20	9	2
3508	37	9	2
3509	87	9	2
3510	150	9	2
3511	133	9	2
3512	50	9	2
3513	12	9	2
3514	151	9	2
3515	28	9	2
3516	6	9	2
3517	4	9	2
3518	15	9	2
3519	134	9	2
3520	94	9	2
3521	16	9	2
3522	17	9	2
3523	61	9	3
3524	144	9	3
3525	24	9	3
3526	5	9	3
3527	145	9	3
3528	127	9	3
3529	23	9	3
3530	27	9	3
3531	35	9	3
3532	146	9	3
3533	14	9	3
3534	9	9	3
3535	70	9	3
3536	147	9	3
3537	74	9	3
3538	75	9	3
3539	143	9	3
3540	148	9	3
3541	82	9	3
3542	149	9	3
3543	84	9	3
3544	20	9	3
3545	37	9	3
3546	87	9	3
3547	150	9	3
3548	133	9	3
3549	50	9	3
3550	12	9	3
3551	151	9	3
3552	28	9	3
3553	92	9	3
3554	6	9	3
3555	4	9	3
3556	15	9	3
3557	134	9	3
3558	94	9	3
3559	16	9	3
3560	61	9	4
3561	144	9	4
3562	24	9	4
3563	5	9	4
3564	145	9	4
3565	127	9	4
3566	23	9	4
3567	27	9	4
3568	35	9	4
3569	146	9	4
3570	14	9	4
3571	9	9	4
3572	70	9	4
3573	147	9	4
3574	74	9	4
3575	75	9	4
3576	143	9	4
3577	148	9	4
3578	82	9	4
3579	149	9	4
3580	84	9	4
3581	20	9	4
3582	37	9	4
3583	87	9	4
3584	150	9	4
3585	133	9	4
3586	50	9	4
3587	12	9	4
3588	151	9	4
3589	28	9	4
3590	92	9	4
3591	6	9	4
3592	4	9	4
3593	15	9	4
3594	134	9	4
3595	94	9	4
3596	16	9	4
3597	61	9	5
3598	144	9	5
3599	24	9	5
3600	5	9	5
3601	145	9	5
3602	18	9	5
3603	127	9	5
3604	23	9	5
3605	27	9	5
3606	35	9	5
3607	146	9	5
3608	14	9	5
3609	9	9	5
3610	70	9	5
3611	147	9	5
3612	74	9	5
3613	143	9	5
3614	148	9	5
3615	82	9	5
3616	149	9	5
3617	84	9	5
3618	20	9	5
3619	37	9	5
3620	87	9	5
3621	150	9	5
3622	133	9	5
3623	50	9	5
3624	12	9	5
3625	28	9	5
3626	92	9	5
3627	6	9	5
3628	4	9	5
3629	15	9	5
3630	134	9	5
3631	94	9	5
3632	16	9	5
3633	61	9	6
3634	144	9	6
3635	24	9	6
3636	5	9	6
3637	145	9	6
3638	18	9	6
3639	127	9	6
3640	23	9	6
3641	27	9	6
3642	35	9	6
3643	146	9	6
3644	14	9	6
3645	9	9	6
3646	70	9	6
3647	147	9	6
3648	74	9	6
3649	143	9	6
3650	148	9	6
3651	82	9	6
3652	149	9	6
3653	84	9	6
3654	20	9	6
3655	37	9	6
3656	87	9	6
3657	150	9	6
3658	133	9	6
3659	50	9	6
3660	12	9	6
3661	28	9	6
3662	92	9	6
3663	6	9	6
3664	4	9	6
3665	15	9	6
3666	134	9	6
3667	94	9	6
3668	16	9	6
3669	144	9	7
3670	8	9	7
3671	24	9	7
3672	5	9	7
3673	18	9	7
3674	23	9	7
3675	27	9	7
3676	35	9	7
3677	146	9	7
3678	14	9	7
3679	9	9	7
3680	70	9	7
3681	147	9	7
3682	74	9	7
3683	143	9	7
3684	148	9	7
3685	82	9	7
3686	149	9	7
3687	84	9	7
3688	20	9	7
3689	37	9	7
3690	87	9	7
3691	150	9	7
3692	50	9	7
3693	12	9	7
3694	28	9	7
3695	6	9	7
3696	4	9	7
3697	15	9	7
3698	134	9	7
3699	94	9	7
3700	16	9	7
3701	17	9	7
3702	144	9	8
3703	8	9	8
3704	24	9	8
3705	5	9	8
3706	18	9	8
3707	23	9	8
3708	27	9	8
3709	35	9	8
3710	146	9	8
3711	14	9	8
3712	9	9	8
3713	70	9	8
3714	147	9	8
3715	74	9	8
3716	143	9	8
3717	148	9	8
3718	82	9	8
3719	149	9	8
3720	84	9	8
3721	20	9	8
3722	37	9	8
3723	87	9	8
3724	150	9	8
3725	50	9	8
3726	12	9	8
3727	28	9	8
3728	6	9	8
3729	4	9	8
3730	15	9	8
3731	134	9	8
3732	94	9	8
3733	16	9	8
3734	17	9	8
3735	144	9	9
3736	54	9	9
3737	8	9	9
3738	24	9	9
3739	5	9	9
3740	18	9	9
3741	23	9	9
3742	27	9	9
3743	35	9	9
3744	146	9	9
3745	14	9	9
3746	9	9	9
3747	70	9	9
3748	147	9	9
3749	74	9	9
3750	75	9	9
3751	143	9	9
3752	148	9	9
3753	82	9	9
3754	84	9	9
3755	20	9	9
3756	37	9	9
3757	87	9	9
3758	150	9	9
3759	50	9	9
3760	12	9	9
3761	28	9	9
3762	6	9	9
3763	4	9	9
3764	15	9	9
3765	16	9	9
3766	17	9	9
3767	144	9	10
3768	54	9	10
3769	8	9	10
3770	24	9	10
3771	5	9	10
3772	18	9	10
3773	23	9	10
3774	27	9	10
3775	35	9	10
3776	146	9	10
3777	14	9	10
3778	9	9	10
3779	70	9	10
3780	147	9	10
3781	74	9	10
3782	75	9	10
3783	143	9	10
3784	148	9	10
3785	82	9	10
3786	84	9	10
3787	20	9	10
3788	37	9	10
3789	87	9	10
3790	150	9	10
3791	50	9	10
3792	12	9	10
3793	28	9	10
3794	6	9	10
3795	4	9	10
3796	15	9	10
3797	16	9	10
3798	17	9	10
3799	61	9	11
3800	144	9	11
3801	54	9	11
3802	8	9	11
3803	5	9	11
3804	18	9	11
3805	23	9	11
3806	35	9	11
3807	146	9	11
3808	14	9	11
3809	9	9	11
3810	70	9	11
3811	147	9	11
3812	74	9	11
3813	75	9	11
3814	82	9	11
3815	152	9	11
3816	84	9	11
3817	20	9	11
3818	37	9	11
3819	87	9	11
3820	150	9	11
3821	50	9	11
3822	12	9	11
3823	28	9	11
3824	6	9	11
3825	15	9	11
3826	16	9	11
3827	17	9	11
3828	61	9	12
3829	144	9	12
3830	54	9	12
3831	8	9	12
3832	5	9	12
3833	18	9	12
3834	23	9	12
3835	35	9	12
3836	146	9	12
3837	14	9	12
3838	9	9	12
3839	70	9	12
3840	147	9	12
3841	74	9	12
3842	75	9	12
3843	82	9	12
3844	152	9	12
3845	84	9	12
3846	20	9	12
3847	37	9	12
3848	87	9	12
3849	150	9	12
3850	50	9	12
3851	12	9	12
3852	28	9	12
3853	6	9	12
3854	15	9	12
3855	16	9	12
3856	17	9	12
3857	57	9	13
3858	61	9	13
3859	144	9	13
3860	54	9	13
3861	18	9	13
3862	70	9	13
3863	147	9	13
3864	74	9	13
3865	75	9	13
3866	82	9	13
3867	152	9	13
3868	84	9	13
3869	20	9	13
3870	37	9	13
3871	87	9	13
3872	150	9	13
3873	133	9	13
3874	50	9	13
3875	12	9	13
3876	15	9	13
3877	16	9	13
3878	17	9	13
3879	57	9	14
3880	61	9	14
3881	144	9	14
3882	54	9	14
3883	18	9	14
3884	70	9	14
3885	147	9	14
3886	74	9	14
3887	75	9	14
3888	82	9	14
3889	152	9	14
3890	84	9	14
3891	20	9	14
3892	37	9	14
3893	87	9	14
3894	150	9	14
3895	133	9	14
3896	50	9	14
3897	12	9	14
3898	15	9	14
3899	16	9	14
3900	17	9	14
3901	57	9	15
3902	153	9	15
3903	61	9	15
3904	144	9	15
3905	54	9	15
3906	127	9	15
3907	119	9	15
3908	75	9	15
3909	82	9	15
3910	152	9	15
3911	84	9	15
3912	20	9	15
3913	37	9	15
3914	150	9	15
3915	133	9	15
3916	57	9	16
3917	153	9	16
3918	61	9	16
3919	144	9	16
3920	54	9	16
3921	127	9	16
3922	119	9	16
3923	75	9	16
3924	82	9	16
3925	152	9	16
3926	84	9	16
3927	20	9	16
3928	37	9	16
3929	150	9	16
3930	133	9	16
3931	57	9	17
3932	153	9	17
3933	61	9	17
3934	144	9	17
3935	54	9	17
3936	127	9	17
3937	9	9	17
3938	119	9	17
3939	75	9	17
3940	82	9	17
3941	152	9	17
3942	84	9	17
3943	20	9	17
3944	37	9	17
3945	150	9	17
3946	133	9	17
3947	6	9	17
3948	15	9	17
3949	134	9	17
3950	94	9	17
3951	16	9	17
3952	57	9	18
3953	153	9	18
3954	61	9	18
3955	144	9	18
3956	54	9	18
3957	127	9	18
3958	9	9	18
3959	119	9	18
3960	75	9	18
3961	82	9	18
3962	152	9	18
3963	84	9	18
3964	20	9	18
3965	37	9	18
3966	150	9	18
3967	133	9	18
3968	6	9	18
3969	15	9	18
3970	134	9	18
3971	94	9	18
3972	16	9	18
3973	57	9	19
3974	153	9	19
3975	61	9	19
3976	144	9	19
3977	127	9	19
3978	9	9	19
3979	70	9	19
3980	147	9	19
3981	74	9	19
3982	75	9	19
3983	82	9	19
3984	84	9	19
3985	20	9	19
3986	37	9	19
3987	87	9	19
3988	150	9	19
3989	133	9	19
3990	50	9	19
3991	28	9	19
3992	6	9	19
3993	15	9	19
3994	134	9	19
3995	94	9	19
3996	16	9	19
3997	57	9	20
3998	153	9	20
3999	61	9	20
4000	144	9	20
4001	127	9	20
4002	9	9	20
4003	70	9	20
4004	147	9	20
4005	74	9	20
4006	75	9	20
4007	82	9	20
4008	84	9	20
4009	20	9	20
4010	37	9	20
4011	87	9	20
4012	150	9	20
4013	133	9	20
4014	50	9	20
4015	28	9	20
4016	6	9	20
4017	15	9	20
4018	134	9	20
4019	94	9	20
4020	16	9	20
4021	61	9	21
4022	144	9	21
4023	24	9	21
4024	5	9	21
4025	145	9	21
4026	127	9	21
4027	23	9	21
4028	27	9	21
4029	35	9	21
4030	146	9	21
4031	14	9	21
4032	9	9	21
4033	70	9	21
4034	147	9	21
4035	74	9	21
4036	143	9	21
4037	82	9	21
4038	84	9	21
4039	20	9	21
4040	37	9	21
4041	87	9	21
4042	150	9	21
4043	133	9	21
4044	50	9	21
4045	151	9	21
4046	28	9	21
4047	6	9	21
4048	4	9	21
4049	15	9	21
4050	134	9	21
4051	94	9	21
4052	16	9	21
4053	61	9	22
4054	144	9	22
4055	24	9	22
4056	5	9	22
4057	145	9	22
4058	127	9	22
4059	23	9	22
4060	27	9	22
4061	35	9	22
4062	146	9	22
4063	14	9	22
4064	9	9	22
4065	70	9	22
4066	147	9	22
4067	74	9	22
4068	143	9	22
4069	82	9	22
4070	84	9	22
4071	20	9	22
4072	37	9	22
4073	87	9	22
4074	150	9	22
4075	133	9	22
4076	50	9	22
4077	151	9	22
4078	28	9	22
4079	6	9	22
4080	4	9	22
4081	15	9	22
4082	134	9	22
4083	94	9	22
4084	16	9	22
4085	61	9	23
4086	144	9	23
4087	24	9	23
4088	5	9	23
4089	145	9	23
4090	127	9	23
4091	23	9	23
4092	27	9	23
4093	35	9	23
4094	146	9	23
4095	14	9	23
4096	9	9	23
4097	70	9	23
4098	147	9	23
4099	74	9	23
4100	143	9	23
4101	148	9	23
4102	82	9	23
4103	84	9	23
4104	20	9	23
4105	37	9	23
4106	87	9	23
4107	150	9	23
4108	133	9	23
4109	50	9	23
4110	151	9	23
4111	28	9	23
4112	6	9	23
4113	4	9	23
4114	15	9	23
4115	134	9	23
4116	94	9	23
4117	16	9	23
4118	17	9	23
4119	61	9	24
4120	144	9	24
4121	24	9	24
4122	5	9	24
4123	145	9	24
4124	127	9	24
4125	23	9	24
4126	27	9	24
4127	35	9	24
4128	146	9	24
4129	14	9	24
4130	9	9	24
4131	70	9	24
4132	147	9	24
4133	74	9	24
4134	143	9	24
4135	148	9	24
4136	82	9	24
4137	84	9	24
4138	20	9	24
4139	37	9	24
4140	87	9	24
4141	150	9	24
4142	133	9	24
4143	50	9	24
4144	151	9	24
4145	28	9	24
4146	6	9	24
4147	4	9	24
4148	15	9	24
4149	134	9	24
4150	94	9	24
4151	16	9	24
4152	17	9	24
4153	23	10	1
4154	1	10	1
4155	23	10	2
4156	1	10	2
4157	23	10	3
4158	1	10	3
4159	23	10	4
4160	1	10	4
4161	23	10	5
4162	1	10	5
4163	4	10	5
4164	23	10	6
4165	1	10	6
4166	4	10	6
4167	23	10	7
4168	1	10	7
4169	7	10	7
4170	4	10	7
4171	154	10	7
4172	8	10	8
4173	5	10	8
4174	23	10	8
4175	1	10	8
4176	7	10	8
4177	4	10	8
4178	154	10	8
4179	155	10	8
4180	156	10	8
4181	8	10	9
4182	5	10	9
4183	23	10	9
4184	1	10	9
4185	47	10	9
4186	7	10	9
4187	4	10	9
4188	15	10	9
4189	16	10	9
4190	154	10	9
4191	155	10	9
4192	156	10	9
4193	13	10	10
4194	8	10	10
4195	5	10	10
4196	23	10	10
4197	14	10	10
4198	1	10	10
4199	47	10	10
4200	10	10	10
4201	7	10	10
4202	4	10	10
4203	15	10	10
4204	16	10	10
4205	154	10	10
4206	155	10	10
4207	156	10	10
4208	13	10	11
4209	8	10	11
4210	5	10	11
4211	23	10	11
4212	14	10	11
4213	157	10	11
4214	1	10	11
4215	47	10	11
4216	10	10	11
4217	7	10	11
4218	15	10	11
4219	16	10	11
4220	154	10	11
4221	155	10	11
4222	156	10	11
4223	13	10	12
4224	8	10	12
4225	23	10	12
4226	14	10	12
4227	157	10	12
4228	119	10	12
4229	1	10	12
4230	47	10	12
4231	10	10	12
4232	7	10	12
4233	15	10	12
4234	16	10	12
4235	154	10	12
4236	155	10	12
4237	156	10	12
4238	13	10	13
4239	8	10	13
4240	14	10	13
4241	157	10	13
4242	119	10	13
4243	47	10	13
4244	10	10	13
4245	15	10	13
4246	16	10	13
4247	154	10	13
4248	155	10	13
4249	156	10	13
4250	13	10	14
4251	8	10	14
4252	14	10	14
4253	157	10	14
4254	119	10	14
4255	47	10	14
4256	58	10	14
4257	10	10	14
4258	15	10	14
4259	16	10	14
4260	154	10	14
4261	21	10	15
4262	157	10	15
4263	119	10	15
4264	58	10	15
4265	10	10	15
4266	15	10	15
4267	154	10	15
4268	21	10	16
4269	157	10	16
4270	119	10	16
4271	58	10	16
4272	15	10	16
4273	154	10	16
4274	21	10	17
4275	157	10	17
4276	119	10	17
4277	1	10	17
4278	58	10	17
4279	2	10	17
4280	15	10	17
4281	3	10	17
4282	154	10	17
4283	21	10	18
4284	14	10	18
4285	157	10	18
4286	119	10	18
4287	1	10	18
4288	47	10	18
4289	58	10	18
4290	2	10	18
4291	7	10	18
4292	15	10	18
4293	3	10	18
4294	154	10	18
4295	155	10	18
4296	156	10	18
4297	21	10	19
4298	13	10	19
4299	5	10	19
4300	14	10	19
4301	157	10	19
4302	119	10	19
4303	1	10	19
4304	47	10	19
4305	58	10	19
4306	2	10	19
4307	7	10	19
4308	15	10	19
4309	3	10	19
4310	16	10	19
4311	154	10	19
4312	155	10	19
4313	156	10	19
4314	21	10	20
4315	13	10	20
4316	5	10	20
4317	14	10	20
4318	157	10	20
4319	119	10	20
4320	1	10	20
4321	47	10	20
4322	58	10	20
4323	2	10	20
4324	7	10	20
4325	3	10	20
4326	16	10	20
4327	154	10	20
4328	155	10	20
4329	156	10	20
4330	21	10	21
4331	13	10	21
4332	5	10	21
4333	14	10	21
4334	1	10	21
4335	2	10	21
4336	7	10	21
4337	3	10	21
4338	16	10	21
4339	154	10	21
4340	155	10	21
4341	156	10	21
4342	21	10	22
4343	13	10	22
4344	5	10	22
4345	14	10	22
4346	1	10	22
4347	2	10	22
4348	3	10	22
4349	16	10	22
4350	154	10	22
4351	155	10	22
4352	156	10	22
4353	21	10	23
4354	13	10	23
4355	5	10	23
4356	23	10	23
4357	1	10	23
4358	2	10	23
4359	21	10	24
4360	5	10	24
4361	23	10	24
4362	1	10	24
4363	2	10	24
4364	52	11	7
4365	25	11	7
4366	37	11	7
4367	11	11	7
4368	92	11	7
4369	52	11	8
4370	25	11	8
4371	37	11	8
4372	11	11	8
4373	92	11	8
4374	52	11	9
4375	5	11	9
4376	55	11	9
4377	1	11	9
4378	80	11	9
4379	25	11	9
4380	37	11	9
4381	11	11	9
4382	28	11	9
4383	38	11	9
4384	92	11	9
4385	158	11	9
4386	6	11	9
4387	4	11	9
4388	52	11	10
4389	5	11	10
4390	55	11	10
4391	1	11	10
4392	80	11	10
4393	25	11	10
4394	37	11	10
4395	11	11	10
4396	28	11	10
4397	38	11	10
4398	92	11	10
4399	158	11	10
4400	6	11	10
4401	4	11	10
4402	21	11	11
4403	52	11	11
4404	31	11	11
4405	159	11	11
4406	5	11	11
4407	23	11	11
4408	55	11	11
4409	9	11	11
4410	72	11	11
4411	76	11	11
4412	80	11	11
4413	25	11	11
4414	47	11	11
4415	56	11	11
4416	20	11	11
4417	37	11	11
4418	10	11	11
4419	11	11	11
4420	111	11	11
4421	12	11	11
4422	28	11	11
4423	38	11	11
4424	92	11	11
4425	6	11	11
4426	4	11	11
4427	16	11	11
4428	40	11	11
4429	21	11	12
4430	52	11	12
4431	31	11	12
4432	159	11	12
4433	5	11	12
4434	23	11	12
4435	55	11	12
4436	9	11	12
4437	72	11	12
4438	76	11	12
4439	80	11	12
4440	25	11	12
4441	47	11	12
4442	56	11	12
4443	20	11	12
4444	37	11	12
4445	10	11	12
4446	11	11	12
4447	111	11	12
4448	12	11	12
4449	28	11	12
4450	38	11	12
4451	92	11	12
4452	6	11	12
4453	4	11	12
4454	16	11	12
4455	40	11	12
4456	21	11	13
4457	97	11	13
4458	31	11	13
4459	13	11	13
4460	159	11	13
4461	5	11	13
4462	23	11	13
4463	55	11	13
4464	115	11	13
4465	9	11	13
4466	72	11	13
4467	119	11	13
4468	76	11	13
4469	80	11	13
4470	47	11	13
4471	56	11	13
4472	20	11	13
4473	37	11	13
4474	10	11	13
4475	11	11	13
4476	111	11	13
4477	12	11	13
4478	28	11	13
4479	38	11	13
4480	6	11	13
4481	16	11	13
4482	40	11	13
4483	21	11	14
4484	97	11	14
4485	31	11	14
4486	13	11	14
4487	159	11	14
4488	5	11	14
4489	23	11	14
4490	55	11	14
4491	115	11	14
4492	9	11	14
4493	72	11	14
4494	119	11	14
4495	76	11	14
4496	80	11	14
4497	47	11	14
4498	56	11	14
4499	20	11	14
4500	37	11	14
4501	10	11	14
4502	11	11	14
4503	111	11	14
4504	12	11	14
4505	28	11	14
4506	38	11	14
4507	6	11	14
4508	16	11	14
4509	40	11	14
4510	21	11	15
4511	97	11	15
4512	31	11	15
4513	13	11	15
4514	159	11	15
4515	23	11	15
4516	27	11	15
4517	115	11	15
4518	14	11	15
4519	9	11	15
4520	72	11	15
4521	119	11	15
4522	53	11	15
4523	76	11	15
4524	80	11	15
4525	25	11	15
4526	47	11	15
4527	56	11	15
4528	20	11	15
4529	37	11	15
4530	10	11	15
4531	11	11	15
4532	111	11	15
4533	12	11	15
4534	22	11	15
4535	28	11	15
4536	38	11	15
4537	6	11	15
4538	3	11	15
4539	16	11	15
4540	40	11	15
4541	21	11	16
4542	97	11	16
4543	31	11	16
4544	13	11	16
4545	159	11	16
4546	23	11	16
4547	27	11	16
4548	115	11	16
4549	14	11	16
4550	9	11	16
4551	72	11	16
4552	119	11	16
4553	53	11	16
4554	76	11	16
4555	80	11	16
4556	25	11	16
4557	47	11	16
4558	56	11	16
4559	20	11	16
4560	37	11	16
4561	10	11	16
4562	11	11	16
4563	111	11	16
4564	12	11	16
4565	22	11	16
4566	28	11	16
4567	38	11	16
4568	6	11	16
4569	3	11	16
4570	16	11	16
4571	40	11	16
4572	21	11	17
4573	13	11	17
4574	159	11	17
4575	5	11	17
4576	23	11	17
4577	27	11	17
4578	115	11	17
4579	14	11	17
4580	9	11	17
4581	72	11	17
4582	119	11	17
4583	53	11	17
4584	76	11	17
4585	25	11	17
4586	47	11	17
4587	56	11	17
4588	20	11	17
4589	37	11	17
4590	10	11	17
4591	11	11	17
4592	111	11	17
4593	12	11	17
4594	22	11	17
4595	28	11	17
4596	38	11	17
4597	92	11	17
4598	6	11	17
4599	3	11	17
4600	16	11	17
4601	40	11	17
4602	21	11	18
4603	13	11	18
4604	159	11	18
4605	5	11	18
4606	23	11	18
4607	27	11	18
4608	115	11	18
4609	14	11	18
4610	9	11	18
4611	72	11	18
4612	119	11	18
4613	53	11	18
4614	76	11	18
4615	25	11	18
4616	47	11	18
4617	56	11	18
4618	20	11	18
4619	37	11	18
4620	10	11	18
4621	11	11	18
4622	111	11	18
4623	12	11	18
4624	22	11	18
4625	28	11	18
4626	38	11	18
4627	92	11	18
4628	6	11	18
4629	3	11	18
4630	16	11	18
4631	40	11	18
4632	21	11	19
4633	13	11	19
4634	5	11	19
4635	27	11	19
4636	115	11	19
4637	14	11	19
4638	9	11	19
4639	72	11	19
4640	119	11	19
4641	1	11	19
4642	53	11	19
4643	76	11	19
4644	25	11	19
4645	20	11	19
4646	37	11	19
4647	11	11	19
4648	111	11	19
4649	12	11	19
4650	22	11	19
4651	28	11	19
4652	38	11	19
4653	92	11	19
4654	6	11	19
4655	3	11	19
4656	16	11	19
4657	40	11	19
4658	21	11	20
4659	13	11	20
4660	5	11	20
4661	27	11	20
4662	115	11	20
4663	14	11	20
4664	9	11	20
4665	72	11	20
4666	119	11	20
4667	1	11	20
4668	53	11	20
4669	76	11	20
4670	25	11	20
4671	20	11	20
4672	37	11	20
4673	11	11	20
4674	111	11	20
4675	12	11	20
4676	22	11	20
4677	28	11	20
4678	38	11	20
4679	92	11	20
4680	6	11	20
4681	3	11	20
4682	16	11	20
4683	40	11	20
4684	21	11	21
4685	13	11	21
4686	5	11	21
4687	72	11	21
4688	1	11	21
4689	76	11	21
4690	37	11	21
4691	11	11	21
4692	12	11	21
4693	22	11	21
4694	92	11	21
4695	6	11	21
4696	3	11	21
4697	21	11	22
4698	13	11	22
4699	5	11	22
4700	72	11	22
4701	1	11	22
4702	76	11	22
4703	37	11	22
4704	11	11	22
4705	12	11	22
4706	22	11	22
4707	92	11	22
4708	6	11	22
4709	3	11	22
4710	52	12	8
4711	92	12	8
4712	52	12	9
4713	92	12	9
4714	52	12	10
4715	66	12	10
4716	11	12	10
4717	92	12	10
4718	4	12	10
4719	52	12	11
4720	5	12	11
4721	55	12	11
4722	66	12	11
4723	11	12	11
4724	7	12	11
4725	92	12	11
4726	4	12	11
4727	52	12	12
4728	8	12	12
4729	24	12	12
4730	5	12	12
4731	55	12	12
4732	66	12	12
4733	14	12	12
4734	37	12	12
4735	11	12	12
4736	7	12	12
4737	92	12	12
4738	6	12	12
4739	4	12	12
4740	54	12	13
4741	8	12	13
4742	24	12	13
4743	5	12	13
4744	66	12	13
4745	14	12	13
4746	9	12	13
4747	160	12	13
4748	19	12	13
4749	56	12	13
4750	37	12	13
4751	10	12	13
4752	11	12	13
4753	50	12	13
4754	12	12	13
4755	33	12	13
4756	7	12	13
4757	6	12	13
4758	15	12	13
4759	16	12	13
4760	21	12	14
4761	54	12	14
4762	8	12	14
4763	24	12	14
4764	5	12	14
4765	66	12	14
4766	14	12	14
4767	9	12	14
4768	160	12	14
4769	19	12	14
4770	56	12	14
4771	20	12	14
4772	37	12	14
4773	10	12	14
4774	50	12	14
4775	12	12	14
4776	33	12	14
4777	7	12	14
4778	6	12	14
4779	15	12	14
4780	16	12	14
4781	21	12	15
4782	54	12	15
4783	8	12	15
4784	24	12	15
4785	5	12	15
4786	66	12	15
4787	14	12	15
4788	9	12	15
4789	160	12	15
4790	19	12	15
4791	56	12	15
4792	20	12	15
4793	37	12	15
4794	10	12	15
4795	48	12	15
4796	50	12	15
4797	12	12	15
4798	33	12	15
4799	7	12	15
4800	6	12	15
4801	15	12	15
4802	16	12	15
4803	21	12	16
4804	24	12	16
4805	5	12	16
4806	66	12	16
4807	14	12	16
4808	9	12	16
4809	160	12	16
4810	119	12	16
4811	19	12	16
4812	56	12	16
4813	20	12	16
4814	37	12	16
4815	10	12	16
4816	48	12	16
4817	50	12	16
4818	12	12	16
4819	33	12	16
4820	7	12	16
4821	6	12	16
4822	15	12	16
4823	16	12	16
4824	21	12	17
4825	24	12	17
4826	5	12	17
4827	27	12	17
4828	66	12	17
4829	14	12	17
4830	9	12	17
4831	160	12	17
4832	119	12	17
4833	19	12	17
4834	56	12	17
4835	20	12	17
4836	37	12	17
4837	10	12	17
4838	48	12	17
4839	50	12	17
4840	12	12	17
4841	33	12	17
4842	6	12	17
4843	15	12	17
4844	16	12	17
4845	21	12	18
4846	24	12	18
4847	5	12	18
4848	27	12	18
4849	66	12	18
4850	9	12	18
4851	160	12	18
4852	119	12	18
4853	19	12	18
4854	20	12	18
4855	37	12	18
4856	50	12	18
4857	12	12	18
4858	22	12	18
4859	6	12	18
4860	15	12	18
4861	16	12	18
4862	21	12	19
4863	24	12	19
4864	5	12	19
4865	27	12	19
4866	66	12	19
4867	9	12	19
4868	19	12	19
4869	20	12	19
4870	50	12	19
4871	12	12	19
4872	22	12	19
4873	16	12	19
4874	21	12	20
4875	24	12	20
4876	5	12	20
4877	27	12	20
4878	66	12	20
4879	19	12	20
4880	50	12	20
4881	22	12	20
4882	24	12	21
4883	5	12	21
4884	27	12	21
4885	66	12	21
4886	50	12	21
4887	24	12	22
4888	27	12	22
4889	27	12	23
4890	161	13	1
4891	100	13	1
4892	162	13	1
4893	163	13	1
4894	92	13	1
4895	161	13	2
4896	100	13	2
4897	162	13	2
4898	163	13	2
4899	92	13	2
4900	161	13	3
4901	100	13	3
4902	162	13	3
4903	163	13	3
4904	92	13	3
4905	161	13	4
4906	100	13	4
4907	162	13	4
4908	163	13	4
4909	92	13	4
4910	161	13	5
4911	100	13	5
4912	162	13	5
4913	163	13	5
4914	92	13	5
4915	161	13	6
4916	100	13	6
4917	162	13	6
4918	163	13	6
4919	92	13	6
4920	161	13	7
4921	100	13	7
4922	162	13	7
4923	163	13	7
4924	92	13	7
4925	161	13	8
4926	100	13	8
4927	162	13	8
4928	163	13	8
4929	92	13	8
4930	161	13	9
4931	100	13	9
4932	162	13	9
4933	163	13	9
4934	92	13	9
4935	161	13	10
4936	100	13	10
4937	162	13	10
4938	163	13	10
4939	92	13	10
4940	8	13	11
4941	24	13	11
4942	161	13	11
4943	5	13	11
4944	23	13	11
4945	64	13	11
4946	66	13	11
4947	164	13	11
4948	100	13	11
4949	162	13	11
4950	37	13	11
4951	163	13	11
4952	165	13	11
4953	166	13	11
4954	167	13	11
4955	29	13	11
4956	92	13	11
4957	4	13	11
4958	40	13	11
4959	8	13	12
4960	24	13	12
4961	161	13	12
4962	5	13	12
4963	23	13	12
4964	64	13	12
4965	66	13	12
4966	164	13	12
4967	100	13	12
4968	162	13	12
4969	37	13	12
4970	163	13	12
4971	165	13	12
4972	166	13	12
4973	167	13	12
4974	29	13	12
4975	92	13	12
4976	4	13	12
4977	40	13	12
4978	21	13	13
4979	54	13	13
4980	8	13	13
4981	24	13	13
4982	161	13	13
4983	5	13	13
4984	23	13	13
4985	64	13	13
4986	66	13	13
4987	14	13	13
4988	119	13	13
4989	164	13	13
4990	100	13	13
4991	162	13	13
4992	37	13	13
4993	10	13	13
4994	165	13	13
4995	12	13	13
4996	33	13	13
4997	166	13	13
4998	167	13	13
4999	29	13	13
5000	168	13	13
5001	30	13	13
5002	16	13	13
5003	40	13	13
5004	21	13	14
5005	54	13	14
5006	8	13	14
5007	24	13	14
5008	161	13	14
5009	5	13	14
5010	23	13	14
5011	64	13	14
5012	66	13	14
5013	14	13	14
5014	119	13	14
5015	164	13	14
5016	100	13	14
5017	162	13	14
5018	37	13	14
5019	10	13	14
5020	165	13	14
5021	12	13	14
5022	33	13	14
5023	166	13	14
5024	167	13	14
5025	29	13	14
5026	168	13	14
5027	30	13	14
5028	16	13	14
5029	40	13	14
5030	21	13	15
5031	24	13	15
5032	5	13	15
5033	23	13	15
5034	27	13	15
5035	64	13	15
5036	146	13	15
5037	66	13	15
5038	115	13	15
5039	14	13	15
5040	9	13	15
5041	116	13	15
5042	119	13	15
5043	100	13	15
5044	47	13	15
5045	37	13	15
5046	10	13	15
5047	165	13	15
5048	48	13	15
5049	50	13	15
5050	12	13	15
5051	33	13	15
5052	92	13	15
5053	168	13	15
5054	30	13	15
5055	117	13	15
5056	16	13	15
5057	21	13	16
5058	24	13	16
5059	5	13	16
5060	23	13	16
5061	27	13	16
5062	64	13	16
5063	146	13	16
5064	66	13	16
5065	115	13	16
5066	14	13	16
5067	9	13	16
5068	116	13	16
5069	119	13	16
5070	100	13	16
5071	47	13	16
5072	37	13	16
5073	10	13	16
5074	165	13	16
5075	48	13	16
5076	50	13	16
5077	12	13	16
5078	33	13	16
5079	92	13	16
5080	168	13	16
5081	30	13	16
5082	117	13	16
5083	16	13	16
5084	21	13	17
5085	24	13	17
5086	161	13	17
5087	5	13	17
5088	23	13	17
5089	27	13	17
5090	35	13	17
5091	64	13	17
5092	146	13	17
5093	66	13	17
5094	115	13	17
5095	14	13	17
5096	9	13	17
5097	116	13	17
5098	72	13	17
5099	119	13	17
5100	164	13	17
5101	77	13	17
5102	100	13	17
5103	162	13	17
5104	47	13	17
5105	37	13	17
5106	163	13	17
5107	169	13	17
5108	48	13	17
5109	50	13	17
5110	12	13	17
5111	22	13	17
5112	33	13	17
5113	167	13	17
5114	29	13	17
5115	92	13	17
5116	168	13	17
5117	30	13	17
5118	117	13	17
5119	16	13	17
5120	40	13	17
5121	21	13	18
5122	24	13	18
5123	161	13	18
5124	5	13	18
5125	23	13	18
5126	27	13	18
5127	35	13	18
5128	64	13	18
5129	146	13	18
5130	66	13	18
5131	115	13	18
5132	14	13	18
5133	9	13	18
5134	116	13	18
5135	72	13	18
5136	119	13	18
5137	164	13	18
5138	77	13	18
5139	100	13	18
5140	162	13	18
5141	47	13	18
5142	37	13	18
5143	163	13	18
5144	169	13	18
5145	48	13	18
5146	50	13	18
5147	12	13	18
5148	22	13	18
5149	33	13	18
5150	167	13	18
5151	29	13	18
5152	92	13	18
5153	168	13	18
5154	30	13	18
5155	117	13	18
5156	16	13	18
5157	40	13	18
5158	21	13	19
5159	24	13	19
5160	41	13	19
5161	161	13	19
5162	5	13	19
5163	23	13	19
5164	35	13	19
5165	66	13	19
5166	72	13	19
5167	164	13	19
5168	77	13	19
5169	100	13	19
5170	80	13	19
5171	162	13	19
5172	37	13	19
5173	163	13	19
5174	169	13	19
5175	88	13	19
5176	12	13	19
5177	22	13	19
5178	33	13	19
5179	167	13	19
5180	29	13	19
5181	92	13	19
5182	40	13	19
5183	43	13	19
5184	21	13	20
5185	24	13	20
5186	41	13	20
5187	161	13	20
5188	5	13	20
5189	23	13	20
5190	35	13	20
5191	66	13	20
5192	72	13	20
5193	164	13	20
5194	77	13	20
5195	100	13	20
5196	80	13	20
5197	162	13	20
5198	37	13	20
5199	163	13	20
5200	169	13	20
5201	88	13	20
5202	12	13	20
5203	22	13	20
5204	33	13	20
5205	167	13	20
5206	29	13	20
5207	92	13	20
5208	40	13	20
5209	43	13	20
5210	24	13	21
5211	41	13	21
5212	161	13	21
5213	5	13	21
5214	23	13	21
5215	35	13	21
5216	66	13	21
5217	72	13	21
5218	164	13	21
5219	77	13	21
5220	100	13	21
5221	80	13	21
5222	162	13	21
5223	37	13	21
5224	163	13	21
5225	169	13	21
5226	88	13	21
5227	12	13	21
5228	22	13	21
5229	167	13	21
5230	29	13	21
5231	92	13	21
5232	40	13	21
5233	43	13	21
5234	24	13	22
5235	41	13	22
5236	161	13	22
5237	5	13	22
5238	23	13	22
5239	35	13	22
5240	66	13	22
5241	72	13	22
5242	164	13	22
5243	77	13	22
5244	100	13	22
5245	80	13	22
5246	162	13	22
5247	37	13	22
5248	163	13	22
5249	169	13	22
5250	88	13	22
5251	12	13	22
5252	22	13	22
5253	167	13	22
5254	29	13	22
5255	92	13	22
5256	40	13	22
5257	43	13	22
5258	24	13	23
5259	41	13	23
5260	161	13	23
5261	5	13	23
5262	23	13	23
5263	35	13	23
5264	66	13	23
5265	72	13	23
5266	164	13	23
5267	77	13	23
5268	100	13	23
5269	80	13	23
5270	162	13	23
5271	37	13	23
5272	163	13	23
5273	169	13	23
5274	88	13	23
5275	12	13	23
5276	22	13	23
5277	167	13	23
5278	29	13	23
5279	92	13	23
5280	40	13	23
5281	43	13	23
5282	24	13	24
5283	41	13	24
5284	161	13	24
5285	5	13	24
5286	23	13	24
5287	35	13	24
5288	66	13	24
5289	72	13	24
5290	164	13	24
5291	77	13	24
5292	100	13	24
5293	80	13	24
5294	162	13	24
5295	37	13	24
5296	169	13	24
5297	88	13	24
5298	12	13	24
5299	22	13	24
5300	167	13	24
5301	29	13	24
5302	92	13	24
5303	40	13	24
5304	43	13	24
5305	25	14	8
5306	28	14	8
5307	25	14	9
5308	28	14	9
5309	66	14	10
5310	70	14	10
5311	25	14	10
5312	26	14	10
5313	92	14	10
5314	27	14	11
5315	66	14	11
5316	70	14	11
5317	25	14	11
5318	11	14	11
5319	26	14	11
5320	92	14	11
5321	40	14	11
5322	34	14	12
5323	24	14	12
5324	5	14	12
5325	23	14	12
5326	27	14	12
5327	64	14	12
5328	66	14	12
5329	70	14	12
5330	11	14	12
5331	12	14	12
5332	26	14	12
5333	7	14	12
5334	40	14	12
5335	34	14	13
5336	24	14	13
5337	5	14	13
5338	23	14	13
5339	27	14	13
5340	64	14	13
5341	20	14	13
5342	11	14	13
5343	12	14	13
5344	7	14	13
5345	40	14	13
5346	24	14	14
5347	5	14	14
5348	14	14	14
5349	9	14	14
5350	170	14	14
5351	47	14	14
5352	20	14	14
5353	12	14	14
5354	7	14	14
5355	30	14	14
5356	15	14	14
5357	16	14	14
5358	14	14	15
5359	9	14	15
5360	170	14	15
5361	171	14	15
5362	47	14	15
5363	20	14	15
5364	37	14	15
5365	50	14	15
5366	7	14	15
5367	30	14	15
5368	15	14	15
5369	16	14	15
5370	14	14	16
5371	9	14	16
5372	170	14	16
5373	171	14	16
5374	47	14	16
5375	20	14	16
5376	37	14	16
5377	50	14	16
5378	7	14	16
5379	15	14	16
5380	16	14	16
5381	43	14	16
5382	9	14	17
5383	170	14	17
5384	171	14	17
5385	47	14	17
5386	20	14	17
5387	37	14	17
5388	50	14	17
5389	124	14	17
5390	7	14	17
5391	15	14	17
5392	3	14	17
5393	16	14	17
5394	43	14	17
5395	34	14	18
5396	5	14	18
5397	23	14	18
5398	27	14	18
5399	9	14	18
5400	25	14	18
5401	170	14	18
5402	171	14	18
5403	47	14	18
5404	50	14	18
5405	12	14	18
5406	22	14	18
5407	28	14	18
5408	124	14	18
5409	7	14	18
5410	3	14	18
5411	16	14	18
5412	43	14	18
5413	34	14	19
5414	24	14	19
5415	5	14	19
5416	23	14	19
5417	27	14	19
5418	9	14	19
5419	70	14	19
5420	77	14	19
5421	25	14	19
5422	170	14	19
5423	171	14	19
5424	50	14	19
5425	12	14	19
5426	22	14	19
5427	28	14	19
5428	124	14	19
5429	7	14	19
5430	3	14	19
5431	16	14	19
5432	40	14	19
5433	43	14	19
5434	24	14	20
5435	5	14	20
5436	23	14	20
5437	27	14	20
5438	70	14	20
5439	77	14	20
5440	25	14	20
5441	12	14	20
5442	124	14	20
5443	92	14	20
5444	3	14	20
5445	40	14	20
5446	43	14	20
5447	92	14	21
5448	40	14	21
5449	52	15	9
5450	52	15	10
5451	52	15	11
5452	106	15	11
5453	24	15	11
5454	55	15	11
5455	1	15	11
5456	53	15	11
5457	12	15	11
5458	38	15	11
5459	52	15	12
5460	106	15	12
5461	24	15	12
5462	55	15	12
5463	1	15	12
5464	53	15	12
5465	12	15	12
5466	38	15	12
5467	103	15	13
5468	31	15	13
5469	34	15	13
5470	106	15	13
5471	24	15	13
5472	5	15	13
5473	18	15	13
5474	23	15	13
5475	35	15	13
5476	55	15	13
5477	14	15	13
5478	9	15	13
5479	42	15	13
5480	1	15	13
5481	53	15	13
5482	56	15	13
5483	11	15	13
5484	50	15	13
5485	12	15	13
5486	33	15	13
5487	38	15	13
5488	4	15	13
5489	30	15	13
5490	16	15	13
5491	21	15	14
5492	103	15	14
5493	31	15	14
5494	34	15	14
5495	54	15	14
5496	8	15	14
5497	106	15	14
5498	24	15	14
5499	5	15	14
5500	18	15	14
5501	23	15	14
5502	35	15	14
5503	55	15	14
5504	14	15	14
5505	9	15	14
5506	42	15	14
5507	1	15	14
5508	53	15	14
5509	56	15	14
5510	11	15	14
5511	50	15	14
5512	12	15	14
5513	33	15	14
5514	38	15	14
5515	4	15	14
5516	30	15	14
5517	16	15	14
5518	21	15	15
5519	103	15	15
5520	57	15	15
5521	31	15	15
5522	34	15	15
5523	54	15	15
5524	8	15	15
5525	24	15	15
5526	5	15	15
5527	18	15	15
5528	23	15	15
5529	35	15	15
5530	14	15	15
5531	9	15	15
5532	42	15	15
5533	1	15	15
5534	53	15	15
5535	56	15	15
5536	48	15	15
5537	11	15	15
5538	50	15	15
5539	12	15	15
5540	33	15	15
5541	38	15	15
5542	4	15	15
5543	30	15	15
5544	15	15	15
5545	16	15	15
5546	43	15	15
5547	21	15	16
5548	103	15	16
5549	57	15	16
5550	31	15	16
5551	34	15	16
5552	54	15	16
5553	8	15	16
5554	24	15	16
5555	5	15	16
5556	18	15	16
5557	23	15	16
5558	35	15	16
5559	14	15	16
5560	9	15	16
5561	42	15	16
5562	1	15	16
5563	53	15	16
5564	56	15	16
5565	48	15	16
5566	11	15	16
5567	50	15	16
5568	12	15	16
5569	33	15	16
5570	38	15	16
5571	4	15	16
5572	30	15	16
5573	15	15	16
5574	16	15	16
5575	43	15	16
5576	21	15	17
5577	57	15	17
5578	31	15	17
5579	34	15	17
5580	24	15	17
5581	41	15	17
5582	5	15	17
5583	18	15	17
5584	23	15	17
5585	14	15	17
5586	9	15	17
5587	1	15	17
5588	53	15	17
5589	48	15	17
5590	50	15	17
5591	12	15	17
5592	22	15	17
5593	33	15	17
5594	30	15	17
5595	15	15	17
5596	16	15	17
5597	43	15	17
5598	21	15	18
5599	57	15	18
5600	31	15	18
5601	34	15	18
5602	24	15	18
5603	41	15	18
5604	5	15	18
5605	18	15	18
5606	23	15	18
5607	14	15	18
5608	9	15	18
5609	1	15	18
5610	53	15	18
5611	48	15	18
5612	50	15	18
5613	12	15	18
5614	22	15	18
5615	33	15	18
5616	30	15	18
5617	16	15	18
5618	43	15	18
5619	21	15	19
5620	57	15	19
5621	34	15	19
5622	24	15	19
5623	41	15	19
5624	5	15	19
5625	23	15	19
5626	1	15	19
5627	53	15	19
5628	48	15	19
5629	12	15	19
5630	22	15	19
5631	43	15	19
5632	21	15	20
5633	57	15	20
5634	41	15	20
5635	5	15	20
5636	23	15	20
5637	1	15	20
5638	53	15	20
5639	22	15	20
5640	43	15	20
5641	41	15	21
5642	5	15	21
5643	23	15	21
5644	5	15	22
5645	23	15	22
5646	98	16	12
5647	172	16	12
5648	66	16	12
5649	53	16	12
5650	77	16	12
5651	25	16	12
5652	110	16	12
5653	20	16	12
5654	37	16	12
5655	48	16	12
5656	11	16	12
5657	12	16	12
5658	7	16	12
5659	30	16	12
5660	16	16	12
5661	173	16	12
5662	21	16	13
5663	97	16	13
5664	98	16	13
5665	34	16	13
5666	13	16	13
5667	54	16	13
5668	8	16	13
5669	172	16	13
5670	18	16	13
5671	66	16	13
5672	14	16	13
5673	9	16	13
5674	116	16	13
5675	72	16	13
5676	119	16	13
5677	53	16	13
5678	143	16	13
5679	174	16	13
5680	77	16	13
5681	25	16	13
5682	175	16	13
5683	176	16	13
5684	110	16	13
5685	56	16	13
5686	20	16	13
5687	37	16	13
5688	10	16	13
5689	48	16	13
5690	11	16	13
5691	111	16	13
5692	12	16	13
5693	7	16	13
5694	30	16	13
5695	15	16	13
5696	16	16	13
5697	173	16	13
5698	40	16	13
5699	17	16	13
5700	21	16	14
5701	97	16	14
5702	98	16	14
5703	34	16	14
5704	13	16	14
5705	54	16	14
5706	8	16	14
5707	172	16	14
5708	18	16	14
5709	66	16	14
5710	14	16	14
5711	9	16	14
5712	116	16	14
5713	72	16	14
5714	119	16	14
5715	53	16	14
5716	143	16	14
5717	174	16	14
5718	77	16	14
5719	25	16	14
5720	175	16	14
5721	176	16	14
5722	110	16	14
5723	56	16	14
5724	20	16	14
5725	37	16	14
5726	10	16	14
5727	48	16	14
5728	11	16	14
5729	111	16	14
5730	12	16	14
5731	7	16	14
5732	30	16	14
5733	15	16	14
5734	16	16	14
5735	173	16	14
5736	40	16	14
5737	17	16	14
5738	21	16	15
5739	97	16	15
5740	98	16	15
5741	34	16	15
5742	13	16	15
5743	54	16	15
5744	8	16	15
5745	172	16	15
5746	18	16	15
5747	66	16	15
5748	14	16	15
5749	9	16	15
5750	116	16	15
5751	72	16	15
5752	119	16	15
5753	53	16	15
5754	143	16	15
5755	174	16	15
5756	77	16	15
5757	25	16	15
5758	175	16	15
5759	176	16	15
5760	110	16	15
5761	56	16	15
5762	20	16	15
5763	37	16	15
5764	10	16	15
5765	48	16	15
5766	11	16	15
5767	111	16	15
5768	12	16	15
5769	7	16	15
5770	30	16	15
5771	15	16	15
5772	16	16	15
5773	173	16	15
5774	40	16	15
5775	17	16	15
5776	21	16	16
5777	97	16	16
5778	98	16	16
5779	34	16	16
5780	13	16	16
5781	54	16	16
5782	8	16	16
5783	172	16	16
5784	18	16	16
5785	66	16	16
5786	14	16	16
5787	9	16	16
5788	116	16	16
5789	72	16	16
5790	119	16	16
5791	53	16	16
5792	143	16	16
5793	174	16	16
5794	77	16	16
5795	25	16	16
5796	175	16	16
5797	176	16	16
5798	110	16	16
5799	56	16	16
5800	20	16	16
5801	37	16	16
5802	10	16	16
5803	48	16	16
5804	11	16	16
5805	111	16	16
5806	12	16	16
5807	7	16	16
5808	30	16	16
5809	15	16	16
5810	16	16	16
5811	173	16	16
5812	40	16	16
5813	17	16	16
5814	21	16	17
5815	97	16	17
5816	98	16	17
5817	34	16	17
5818	13	16	17
5819	54	16	17
5820	8	16	17
5821	172	16	17
5822	18	16	17
5823	66	16	17
5824	14	16	17
5825	9	16	17
5826	116	16	17
5827	72	16	17
5828	119	16	17
5829	53	16	17
5830	143	16	17
5831	174	16	17
5832	77	16	17
5833	25	16	17
5834	175	16	17
5835	176	16	17
5836	110	16	17
5837	56	16	17
5838	20	16	17
5839	37	16	17
5840	10	16	17
5841	48	16	17
5842	11	16	17
5843	111	16	17
5844	12	16	17
5845	7	16	17
5846	30	16	17
5847	15	16	17
5848	16	16	17
5849	173	16	17
5850	40	16	17
5851	17	16	17
5852	21	16	18
5853	97	16	18
5854	98	16	18
5855	34	16	18
5856	13	16	18
5857	54	16	18
5858	8	16	18
5859	24	16	18
5860	172	16	18
5861	5	16	18
5862	18	16	18
5863	23	16	18
5864	27	16	18
5865	66	16	18
5866	14	16	18
5867	9	16	18
5868	116	16	18
5869	72	16	18
5870	74	16	18
5871	119	16	18
5872	53	16	18
5873	143	16	18
5874	174	16	18
5875	77	16	18
5876	79	16	18
5877	81	16	18
5878	25	16	18
5879	83	16	18
5880	175	16	18
5881	176	16	18
5882	110	16	18
5883	56	16	18
5884	20	16	18
5885	37	16	18
5886	87	16	18
5887	10	16	18
5888	48	16	18
5889	11	16	18
5890	89	16	18
5891	111	16	18
5892	121	16	18
5893	12	16	18
5894	22	16	18
5895	28	16	18
5896	39	16	18
5897	177	16	18
5898	7	16	18
5899	92	16	18
5900	30	16	18
5901	15	16	18
5902	3	16	18
5903	178	16	18
5904	94	16	18
5905	16	16	18
5906	173	16	18
5907	40	16	18
5908	17	16	18
5909	43	16	18
5910	98	16	19
5911	24	16	19
5912	172	16	19
5913	5	16	19
5914	23	16	19
5915	27	16	19
5916	66	16	19
5917	74	16	19
5918	53	16	19
5919	77	16	19
5920	79	16	19
5921	81	16	19
5922	25	16	19
5923	83	16	19
5924	110	16	19
5925	20	16	19
5926	37	16	19
5927	87	16	19
5928	48	16	19
5929	11	16	19
5930	89	16	19
5931	121	16	19
5932	12	16	19
5933	22	16	19
5934	28	16	19
5935	39	16	19
5936	177	16	19
5937	7	16	19
5938	92	16	19
5939	30	16	19
5940	3	16	19
5941	178	16	19
5942	94	16	19
5943	16	16	19
5944	173	16	19
5945	43	16	19
5946	98	16	20
5947	24	16	20
5948	172	16	20
5949	5	16	20
5950	23	16	20
5951	27	16	20
5952	66	16	20
5953	74	16	20
5954	53	16	20
5955	77	16	20
5956	79	16	20
5957	81	16	20
5958	25	16	20
5959	83	16	20
5960	110	16	20
5961	20	16	20
5962	37	16	20
5963	87	16	20
5964	48	16	20
5965	11	16	20
5966	89	16	20
5967	121	16	20
5968	12	16	20
5969	22	16	20
5970	28	16	20
5971	39	16	20
5972	177	16	20
5973	7	16	20
5974	92	16	20
5975	30	16	20
5976	3	16	20
5977	178	16	20
5978	94	16	20
5979	16	16	20
5980	173	16	20
5981	43	16	20
5982	98	16	21
5983	24	16	21
5984	172	16	21
5985	5	16	21
5986	23	16	21
5987	27	16	21
5988	66	16	21
5989	74	16	21
5990	53	16	21
5991	77	16	21
5992	79	16	21
5993	81	16	21
5994	25	16	21
5995	83	16	21
5996	110	16	21
5997	20	16	21
5998	37	16	21
5999	87	16	21
6000	48	16	21
6001	11	16	21
6002	89	16	21
6003	121	16	21
6004	12	16	21
6005	22	16	21
6006	28	16	21
6007	39	16	21
6008	177	16	21
6009	7	16	21
6010	92	16	21
6011	30	16	21
6012	3	16	21
6013	178	16	21
6014	94	16	21
6015	16	16	21
6016	173	16	21
6017	43	16	21
6018	98	16	22
6019	24	16	22
6020	172	16	22
6021	5	16	22
6022	23	16	22
6023	27	16	22
6024	66	16	22
6025	74	16	22
6026	53	16	22
6027	77	16	22
6028	79	16	22
6029	81	16	22
6030	25	16	22
6031	83	16	22
6032	110	16	22
6033	20	16	22
6034	37	16	22
6035	87	16	22
6036	48	16	22
6037	11	16	22
6038	89	16	22
6039	121	16	22
6040	12	16	22
6041	22	16	22
6042	28	16	22
6043	39	16	22
6044	177	16	22
6045	7	16	22
6046	92	16	22
6047	30	16	22
6048	3	16	22
6049	178	16	22
6050	94	16	22
6051	16	16	22
6052	173	16	22
6053	43	16	22
6054	98	16	23
6055	24	16	23
6056	172	16	23
6057	5	16	23
6058	23	16	23
6059	27	16	23
6060	66	16	23
6061	74	16	23
6062	53	16	23
6063	77	16	23
6064	79	16	23
6065	81	16	23
6066	25	16	23
6067	83	16	23
6068	110	16	23
6069	20	16	23
6070	37	16	23
6071	87	16	23
6072	48	16	23
6073	11	16	23
6074	89	16	23
6075	121	16	23
6076	12	16	23
6077	22	16	23
6078	28	16	23
6079	39	16	23
6080	177	16	23
6081	7	16	23
6082	92	16	23
6083	30	16	23
6084	3	16	23
6085	178	16	23
6086	94	16	23
6087	16	16	23
6088	173	16	23
6089	43	16	23
6090	21	17	1
6091	179	17	1
6092	34	17	1
6093	5	17	1
6094	23	17	1
6095	180	17	1
6096	72	17	1
6097	181	17	1
6098	182	17	1
6099	12	17	1
6100	22	17	1
6101	39	17	1
6102	43	17	1
6103	21	17	2
6104	179	17	2
6105	34	17	2
6106	5	17	2
6107	23	17	2
6108	180	17	2
6109	72	17	2
6110	181	17	2
6111	182	17	2
6112	12	17	2
6113	22	17	2
6114	39	17	2
6115	43	17	2
6116	21	17	3
6117	179	17	3
6118	34	17	3
6119	5	17	3
6120	23	17	3
6121	180	17	3
6122	72	17	3
6123	181	17	3
6124	182	17	3
6125	12	17	3
6126	39	17	3
6127	43	17	3
6128	21	17	4
6129	179	17	4
6130	34	17	4
6131	5	17	4
6132	23	17	4
6133	180	17	4
6134	72	17	4
6135	181	17	4
6136	182	17	4
6137	12	17	4
6138	39	17	4
6139	43	17	4
6140	21	17	5
6141	179	17	5
6142	34	17	5
6143	5	17	5
6144	23	17	5
6145	180	17	5
6146	72	17	5
6147	181	17	5
6148	182	17	5
6149	12	17	5
6150	43	17	5
6151	21	17	6
6152	179	17	6
6153	34	17	6
6154	5	17	6
6155	23	17	6
6156	180	17	6
6157	72	17	6
6158	181	17	6
6159	182	17	6
6160	12	17	6
6161	43	17	6
6162	21	17	7
6163	98	17	7
6164	179	17	7
6165	181	17	7
6166	183	17	7
6167	182	17	7
6168	12	17	7
6169	28	17	7
6170	21	17	8
6171	98	17	8
6172	179	17	8
6173	184	17	8
6174	181	17	8
6175	183	17	8
6176	182	17	8
6177	12	17	8
6178	28	17	8
6179	26	17	8
6180	21	17	9
6181	98	17	9
6182	179	17	9
6183	185	17	9
6184	23	17	9
6185	184	17	9
6186	183	17	9
6187	182	17	9
6188	186	17	9
6189	12	17	9
6190	28	17	9
6191	26	17	9
6192	21	17	10
6193	98	17	10
6194	52	17	10
6195	179	17	10
6196	185	17	10
6197	23	17	10
6198	184	17	10
6199	183	17	10
6200	182	17	10
6201	186	17	10
6202	12	17	10
6203	28	17	10
6204	38	17	10
6205	26	17	10
6206	92	17	10
6207	16	17	10
6208	21	17	11
6209	98	17	11
6210	52	17	11
6211	179	17	11
6212	185	17	11
6213	23	17	11
6214	187	17	11
6215	188	17	11
6216	184	17	11
6217	183	17	11
6218	186	17	11
6219	12	17	11
6220	28	17	11
6221	38	17	11
6222	26	17	11
6223	92	17	11
6224	16	17	11
6225	21	17	12
6226	98	17	12
6227	52	17	12
6228	179	17	12
6229	185	17	12
6230	24	17	12
6231	5	17	12
6232	23	17	12
6233	146	17	12
6234	14	17	12
6235	187	17	12
6236	188	17	12
6237	184	17	12
6238	183	17	12
6239	11	17	12
6240	189	17	12
6241	186	17	12
6242	12	17	12
6243	28	17	12
6244	26	17	12
6245	92	17	12
6246	4	17	12
6247	16	17	12
6248	21	17	13
6249	179	17	13
6250	185	17	13
6251	34	17	13
6252	24	17	13
6253	5	17	13
6254	23	17	13
6255	146	17	13
6256	14	17	13
6257	190	17	13
6258	187	17	13
6259	188	17	13
6260	191	17	13
6261	184	17	13
6262	183	17	13
6263	11	17	13
6264	189	17	13
6265	186	17	13
6266	28	17	13
6267	26	17	13
6268	4	17	13
6269	30	17	13
6270	178	17	13
6271	16	17	13
6272	21	17	14
6273	179	17	14
6274	192	17	14
6275	185	17	14
6276	34	17	14
6277	24	17	14
6278	5	17	14
6279	23	17	14
6280	146	17	14
6281	14	17	14
6282	190	17	14
6283	9	17	14
6284	187	17	14
6285	188	17	14
6286	191	17	14
6287	80	17	14
6288	184	17	14
6289	181	17	14
6290	183	17	14
6291	11	17	14
6292	189	17	14
6293	50	17	14
6294	12	17	14
6295	28	17	14
6296	33	17	14
6297	26	17	14
6298	30	17	14
6299	15	17	14
6300	178	17	14
6301	16	17	14
6302	193	17	14
6303	21	17	15
6304	179	17	15
6305	192	17	15
6306	185	17	15
6307	34	17	15
6308	24	17	15
6309	5	17	15
6310	18	17	15
6311	23	17	15
6312	146	17	15
6313	14	17	15
6314	190	17	15
6315	9	17	15
6316	187	17	15
6317	188	17	15
6318	191	17	15
6319	80	17	15
6320	184	17	15
6321	181	17	15
6322	183	17	15
6323	189	17	15
6324	50	17	15
6325	12	17	15
6326	28	17	15
6327	33	17	15
6328	26	17	15
6329	30	17	15
6330	15	17	15
6331	178	17	15
6332	16	17	15
6333	17	17	15
6334	193	17	15
6335	21	17	16
6336	179	17	16
6337	192	17	16
6338	185	17	16
6339	34	17	16
6340	54	17	16
6341	24	17	16
6342	5	17	16
6343	18	17	16
6344	23	17	16
6345	146	17	16
6346	14	17	16
6347	190	17	16
6348	9	17	16
6349	72	17	16
6350	187	17	16
6351	188	17	16
6352	191	17	16
6353	80	17	16
6354	184	17	16
6355	181	17	16
6356	183	17	16
6357	48	17	16
6358	189	17	16
6359	50	17	16
6360	12	17	16
6361	28	17	16
6362	26	17	16
6363	30	17	16
6364	15	17	16
6365	178	17	16
6366	16	17	16
6367	17	17	16
6368	193	17	16
6369	21	17	17
6370	98	17	17
6371	179	17	17
6372	192	17	17
6373	185	17	17
6374	34	17	17
6375	24	17	17
6376	5	17	17
6377	18	17	17
6378	23	17	17
6379	27	17	17
6380	146	17	17
6381	14	17	17
6382	190	17	17
6383	9	17	17
6384	72	17	17
6385	187	17	17
6386	188	17	17
6387	191	17	17
6388	80	17	17
6389	184	17	17
6390	181	17	17
6391	183	17	17
6392	48	17	17
6393	50	17	17
6394	111	17	17
6395	12	17	17
6396	28	17	17
6397	26	17	17
6398	92	17	17
6399	30	17	17
6400	15	17	17
6401	178	17	17
6402	16	17	17
6403	40	17	17
6404	17	17	17
6405	21	17	18
6406	98	17	18
6407	179	17	18
6408	185	17	18
6409	34	17	18
6410	24	17	18
6411	41	17	18
6412	5	17	18
6413	18	17	18
6414	23	17	18
6415	27	17	18
6416	146	17	18
6417	14	17	18
6418	190	17	18
6419	180	17	18
6420	9	17	18
6421	72	17	18
6422	119	17	18
6423	187	17	18
6424	191	17	18
6425	80	17	18
6426	184	17	18
6427	181	17	18
6428	183	17	18
6429	182	17	18
6430	48	17	18
6431	11	17	18
6432	50	17	18
6433	12	17	18
6434	22	17	18
6435	28	17	18
6436	33	17	18
6437	39	17	18
6438	26	17	18
6439	92	17	18
6440	4	17	18
6441	30	17	18
6442	15	17	18
6443	178	17	18
6444	16	17	18
6445	40	17	18
6446	17	17	18
6447	43	17	18
6448	21	17	19
6449	98	17	19
6450	179	17	19
6451	34	17	19
6452	24	17	19
6453	41	17	19
6454	5	17	19
6455	23	17	19
6456	27	17	19
6457	146	17	19
6458	194	17	19
6459	180	17	19
6460	72	17	19
6461	119	17	19
6462	191	17	19
6463	80	17	19
6464	184	17	19
6465	181	17	19
6466	183	17	19
6467	182	17	19
6468	48	17	19
6469	12	17	19
6470	22	17	19
6471	39	17	19
6472	26	17	19
6473	92	17	19
6474	178	17	19
6475	16	17	19
6476	40	17	19
6477	43	17	19
6478	21	17	20
6479	98	17	20
6480	179	17	20
6481	34	17	20
6482	41	17	20
6483	5	17	20
6484	23	17	20
6485	27	17	20
6486	194	17	20
6487	180	17	20
6488	72	17	20
6489	119	17	20
6490	191	17	20
6491	80	17	20
6492	184	17	20
6493	181	17	20
6494	183	17	20
6495	182	17	20
6496	12	17	20
6497	22	17	20
6498	39	17	20
6499	92	17	20
6500	178	17	20
6501	16	17	20
6502	40	17	20
6503	43	17	20
6504	21	17	21
6505	98	17	21
6506	179	17	21
6507	34	17	21
6508	41	17	21
6509	5	17	21
6510	23	17	21
6511	27	17	21
6512	194	17	21
6513	180	17	21
6514	72	17	21
6515	191	17	21
6516	80	17	21
6517	184	17	21
6518	181	17	21
6519	183	17	21
6520	182	17	21
6521	12	17	21
6522	22	17	21
6523	39	17	21
6524	178	17	21
6525	40	17	21
6526	43	17	21
6527	21	17	22
6528	98	17	22
6529	179	17	22
6530	34	17	22
6531	5	17	22
6532	23	17	22
6533	194	17	22
6534	180	17	22
6535	72	17	22
6536	191	17	22
6537	80	17	22
6538	184	17	22
6539	181	17	22
6540	183	17	22
6541	182	17	22
6542	12	17	22
6543	22	17	22
6544	39	17	22
6545	40	17	22
6546	43	17	22
6547	21	17	23
6548	179	17	23
6549	34	17	23
6550	5	17	23
6551	23	17	23
6552	194	17	23
6553	180	17	23
6554	72	17	23
6555	184	17	23
6556	181	17	23
6557	182	17	23
6558	12	17	23
6559	22	17	23
6560	39	17	23
6561	40	17	23
6562	43	17	23
6563	21	17	24
6564	179	17	24
6565	34	17	24
6566	5	17	24
6567	23	17	24
6568	194	17	24
6569	180	17	24
6570	72	17	24
6571	184	17	24
6572	181	17	24
6573	182	17	24
6574	12	17	24
6575	22	17	24
6576	39	17	24
6577	40	17	24
6578	43	17	24
6579	195	18	3
6580	195	18	4
6581	52	18	8
6582	52	18	9
6583	92	18	9
6584	52	18	10
6585	92	18	10
6586	4	18	10
6587	52	18	11
6588	5	18	11
6589	130	18	11
6590	7	18	11
6591	4	18	11
6592	196	18	11
6593	197	18	12
6594	8	18	12
6595	5	18	12
6596	130	18	12
6597	198	18	12
6598	33	18	12
6599	7	18	12
6600	199	18	12
6601	4	18	12
6602	30	18	12
6603	196	18	12
6604	15	18	12
6605	34	18	13
6606	197	18	13
6607	54	18	13
6608	8	18	13
6609	24	18	13
6610	5	18	13
6611	23	18	13
6612	14	18	13
6613	200	18	13
6614	46	18	13
6615	19	18	13
6616	10	18	13
6617	198	18	13
6618	12	18	13
6619	33	18	13
6620	7	18	13
6621	199	18	13
6622	30	18	13
6623	196	18	13
6624	15	18	13
6625	16	18	13
6626	34	18	14
6627	44	18	14
6628	54	18	14
6629	8	18	14
6630	24	18	14
6631	5	18	14
6632	18	18	14
6633	23	18	14
6634	201	18	14
6635	14	18	14
6636	200	18	14
6637	9	18	14
6638	46	18	14
6639	19	18	14
6640	56	18	14
6641	20	18	14
6642	10	18	14
6643	50	18	14
6644	111	18	14
6645	198	18	14
6646	12	18	14
6647	7	18	14
6648	30	18	14
6649	15	18	14
6650	16	18	14
6651	17	18	14
6652	34	18	15
6653	44	18	15
6654	24	18	15
6655	5	18	15
6656	18	18	15
6657	23	18	15
6658	201	18	15
6659	14	18	15
6660	9	18	15
6661	46	18	15
6662	19	18	15
6663	56	18	15
6664	20	18	15
6665	10	18	15
6666	50	18	15
6667	111	18	15
6668	198	18	15
6669	12	18	15
6670	7	18	15
6671	30	18	15
6672	15	18	15
6673	16	18	15
6674	17	18	15
6675	43	18	15
6676	21	18	16
6677	34	18	16
6678	44	18	16
6679	24	18	16
6680	5	18	16
6681	18	18	16
6682	23	18	16
6683	201	18	16
6684	14	18	16
6685	9	18	16
6686	119	18	16
6687	46	18	16
6688	19	18	16
6689	56	18	16
6690	20	18	16
6691	10	18	16
6692	48	18	16
6693	50	18	16
6694	111	18	16
6695	198	18	16
6696	12	18	16
6697	7	18	16
6698	30	18	16
6699	15	18	16
6700	16	18	16
6701	40	18	16
6702	17	18	16
6703	43	18	16
6704	21	18	17
6705	24	18	17
6706	5	18	17
6707	18	18	17
6708	23	18	17
6709	201	18	17
6710	9	18	17
6711	73	18	17
6712	119	18	17
6713	46	18	17
6714	10	18	17
6715	48	18	17
6716	50	18	17
6717	111	18	17
6718	198	18	17
6719	12	18	17
6720	22	18	17
6721	33	18	17
6722	7	18	17
6723	15	18	17
6724	3	18	17
6725	16	18	17
6726	40	18	17
6727	17	18	17
6728	43	18	17
6729	21	18	18
6730	24	18	18
6731	201	18	18
6732	73	18	18
6733	119	18	18
6734	46	18	18
6735	10	18	18
6736	48	18	18
6737	12	18	18
6738	22	18	18
6739	33	18	18
6740	3	18	18
6741	40	18	18
6742	17	18	18
6743	43	18	18
6744	21	18	19
6745	24	18	19
6746	73	18	19
6747	46	18	19
6748	169	18	19
6749	48	18	19
6750	22	18	19
6751	3	18	19
6752	40	18	19
6753	21	18	20
6754	24	18	20
6755	73	18	20
6756	46	18	20
6757	169	18	20
6758	22	18	20
6759	3	18	20
6760	40	18	20
6761	21	18	21
6762	169	18	21
6763	22	18	21
6764	3	18	21
6765	169	18	22
6766	22	18	22
6767	3	18	22
6768	202	18	23
6769	3	18	23
6770	202	18	24
6771	34	19	11
6772	5	19	11
6773	27	19	11
6774	14	19	11
6775	1	19	11
6776	25	19	11
6777	11	19	11
6778	50	19	11
6779	28	19	11
6780	26	19	11
6781	92	19	11
6782	34	19	12
6783	5	19	12
6784	27	19	12
6785	14	19	12
6786	1	19	12
6787	25	19	12
6788	11	19	12
6789	50	19	12
6790	28	19	12
6791	26	19	12
6792	92	19	12
6793	31	19	13
6794	34	19	13
6795	8	19	13
6796	5	19	13
6797	23	19	13
6798	27	19	13
6799	14	19	13
6800	1	19	13
6801	25	19	13
6802	37	19	13
6803	11	19	13
6804	50	19	13
6805	12	19	13
6806	28	19	13
6807	26	19	13
6808	92	19	13
6809	4	19	13
6810	30	19	13
6811	31	19	14
6812	34	19	14
6813	8	19	14
6814	5	19	14
6815	23	19	14
6816	27	19	14
6817	14	19	14
6818	1	19	14
6819	25	19	14
6820	37	19	14
6821	11	19	14
6822	50	19	14
6823	12	19	14
6824	28	19	14
6825	26	19	14
6826	92	19	14
6827	4	19	14
6828	30	19	14
6829	21	19	15
6830	31	19	15
6831	34	19	15
6832	8	19	15
6833	24	19	15
6834	5	19	15
6835	18	19	15
6836	23	19	15
6837	27	19	15
6838	35	19	15
6839	115	19	15
6840	14	19	15
6841	9	19	15
6842	25	19	15
6843	37	19	15
6844	10	19	15
6845	11	19	15
6846	50	19	15
6847	12	19	15
6848	28	19	15
6849	33	19	15
6850	26	19	15
6851	92	19	15
6852	30	19	15
6853	16	19	15
6854	40	19	15
6855	17	19	15
6856	21	19	16
6857	31	19	16
6858	34	19	16
6859	8	19	16
6860	24	19	16
6861	5	19	16
6862	18	19	16
6863	23	19	16
6864	27	19	16
6865	35	19	16
6866	115	19	16
6867	14	19	16
6868	9	19	16
6869	25	19	16
6870	37	19	16
6871	10	19	16
6872	11	19	16
6873	50	19	16
6874	12	19	16
6875	28	19	16
6876	33	19	16
6877	26	19	16
6878	92	19	16
6879	30	19	16
6880	16	19	16
6881	40	19	16
6882	17	19	16
6883	21	19	17
6884	34	19	17
6885	24	19	17
6886	5	19	17
6887	23	19	17
6888	27	19	17
6889	35	19	17
6890	115	19	17
6891	194	19	17
6892	9	19	17
6893	25	19	17
6894	37	19	17
6895	10	19	17
6896	11	19	17
6897	50	19	17
6898	12	19	17
6899	22	19	17
6900	28	19	17
6901	33	19	17
6902	26	19	17
6903	92	19	17
6904	30	19	17
6905	16	19	17
6906	40	19	17
6907	17	19	17
6908	43	19	17
6909	21	19	18
6910	34	19	18
6911	24	19	18
6912	5	19	18
6913	23	19	18
6914	27	19	18
6915	35	19	18
6916	115	19	18
6917	194	19	18
6918	9	19	18
6919	25	19	18
6920	37	19	18
6921	10	19	18
6922	11	19	18
6923	50	19	18
6924	12	19	18
6925	22	19	18
6926	28	19	18
6927	33	19	18
6928	26	19	18
6929	92	19	18
6930	30	19	18
6931	16	19	18
6932	40	19	18
6933	17	19	18
6934	43	19	18
6935	21	19	19
6936	5	19	19
6937	194	19	19
6938	25	19	19
6939	37	19	19
6940	12	19	19
6941	22	19	19
6942	40	19	19
6943	43	19	19
6944	21	19	20
6945	5	19	20
6946	194	19	20
6947	25	19	20
6948	37	19	20
6949	12	19	20
6950	22	19	20
6951	40	19	20
6952	43	19	20
6953	24	20	6
6954	5	20	6
6955	1	20	6
6956	52	20	7
6957	24	20	7
6958	5	20	7
6959	1	20	7
6960	53	20	7
6961	52	20	8
6962	24	20	8
6963	5	20	8
6964	1	20	8
6965	53	20	8
6966	52	20	9
6967	1	20	9
6968	53	20	9
6969	11	20	9
6970	12	20	9
6971	38	20	9
6972	52	20	10
6973	1	20	10
6974	53	20	10
6975	11	20	10
6976	12	20	10
6977	38	20	10
6978	4	20	10
6979	52	20	11
6980	31	20	11
6981	54	20	11
6982	1	20	11
6983	53	20	11
6984	10	20	11
6985	11	20	11
6986	12	20	11
6987	38	20	11
6988	6	20	11
6989	4	20	11
6990	31	20	12
6991	54	20	12
6992	55	20	12
6993	1	20	12
6994	53	20	12
6995	10	20	12
6996	12	20	12
6997	38	20	12
6998	6	20	12
6999	4	20	12
7000	31	20	13
7001	54	20	13
7002	18	20	13
7003	55	20	13
7004	14	20	13
7005	9	20	13
7006	1	20	13
7007	53	20	13
7008	56	20	13
7009	10	20	13
7010	50	20	13
7011	12	20	13
7012	33	20	13
7013	6	20	13
7014	4	20	13
7015	31	20	14
7016	34	20	14
7017	54	20	14
7018	8	20	14
7019	18	20	14
7020	55	20	14
7021	14	20	14
7022	9	20	14
7023	1	20	14
7024	53	20	14
7025	56	20	14
7026	10	20	14
7027	50	20	14
7028	12	20	14
7029	33	20	14
7030	6	20	14
7031	16	20	14
7032	21	20	15
7033	57	20	15
7034	31	20	15
7035	34	20	15
7036	8	20	15
7037	5	20	15
7038	18	20	15
7039	14	20	15
7040	9	20	15
7041	1	20	15
7042	53	20	15
7043	56	20	15
7044	10	20	15
7045	50	20	15
7046	33	20	15
7047	6	20	15
7048	15	20	15
7049	16	20	15
7050	17	20	15
7051	21	20	16
7052	57	20	16
7053	31	20	16
7054	34	20	16
7055	8	20	16
7056	5	20	16
7057	18	20	16
7058	14	20	16
7059	9	20	16
7060	1	20	16
7061	53	20	16
7062	56	20	16
7063	10	20	16
7064	50	20	16
7065	33	20	16
7066	6	20	16
7067	15	20	16
7068	16	20	16
7069	17	20	16
7070	21	20	17
7071	57	20	17
7072	31	20	17
7073	34	20	17
7074	24	20	17
7075	5	20	17
7076	18	20	17
7077	9	20	17
7078	1	20	17
7079	53	20	17
7080	10	20	17
7081	50	20	17
7082	111	20	17
7083	22	20	17
7084	33	20	17
7085	6	20	17
7086	15	20	17
7087	3	20	17
7088	16	20	17
7089	17	20	17
7090	21	20	18
7091	57	20	18
7092	31	20	18
7093	34	20	18
7094	24	20	18
7095	5	20	18
7096	18	20	18
7097	9	20	18
7098	1	20	18
7099	53	20	18
7100	10	20	18
7101	50	20	18
7102	111	20	18
7103	22	20	18
7104	33	20	18
7105	6	20	18
7106	15	20	18
7107	3	20	18
7108	16	20	18
7109	17	20	18
7110	21	20	19
7111	57	20	19
7112	31	20	19
7113	24	20	19
7114	5	20	19
7115	1	20	19
7116	53	20	19
7117	111	20	19
7118	22	20	19
7119	6	20	19
7120	3	20	19
7121	16	20	19
7122	17	20	19
7123	21	20	20
7124	57	20	20
7125	31	20	20
7126	24	20	20
7127	5	20	20
7128	1	20	20
7129	53	20	20
7130	111	20	20
7131	22	20	20
7132	6	20	20
7133	3	20	20
7134	16	20	20
7135	17	20	20
7136	202	20	21
7137	202	20	22
7138	202	20	23
7139	202	20	24
7140	21	21	1
7141	34	21	1
7142	5	21	1
7143	23	21	1
7144	203	21	1
7145	204	21	1
7146	72	21	1
7147	76	21	1
7148	205	21	1
7149	77	21	1
7150	100	21	1
7151	80	21	1
7152	84	21	1
7153	37	21	1
7154	88	21	1
7155	111	21	1
7156	12	21	1
7157	33	21	1
7158	39	21	1
7159	113	21	1
7160	3	21	1
7161	40	21	1
7162	43	21	1
7163	21	21	2
7164	34	21	2
7165	5	21	2
7166	23	21	2
7167	203	21	2
7168	204	21	2
7169	72	21	2
7170	76	21	2
7171	205	21	2
7172	77	21	2
7173	100	21	2
7174	80	21	2
7175	84	21	2
7176	37	21	2
7177	88	21	2
7178	111	21	2
7179	12	21	2
7180	33	21	2
7181	39	21	2
7182	113	21	2
7183	3	21	2
7184	40	21	2
7185	43	21	2
7186	21	21	3
7187	34	21	3
7188	5	21	3
7189	23	21	3
7190	203	21	3
7191	204	21	3
7192	72	21	3
7193	76	21	3
7194	205	21	3
7195	77	21	3
7196	100	21	3
7197	80	21	3
7198	84	21	3
7199	37	21	3
7200	88	21	3
7201	111	21	3
7202	12	21	3
7203	33	21	3
7204	39	21	3
7205	113	21	3
7206	3	21	3
7207	40	21	3
7208	43	21	3
7209	21	21	4
7210	34	21	4
7211	5	21	4
7212	23	21	4
7213	203	21	4
7214	204	21	4
7215	72	21	4
7216	76	21	4
7217	205	21	4
7218	77	21	4
7219	100	21	4
7220	80	21	4
7221	84	21	4
7222	37	21	4
7223	88	21	4
7224	111	21	4
7225	12	21	4
7226	33	21	4
7227	39	21	4
7228	113	21	4
7229	3	21	4
7230	40	21	4
7231	43	21	4
7232	21	21	5
7233	34	21	5
7234	5	21	5
7235	23	21	5
7236	203	21	5
7237	204	21	5
7238	72	21	5
7239	76	21	5
7240	205	21	5
7241	77	21	5
7242	100	21	5
7243	80	21	5
7244	84	21	5
7245	37	21	5
7246	88	21	5
7247	111	21	5
7248	12	21	5
7249	33	21	5
7250	39	21	5
7251	113	21	5
7252	3	21	5
7253	40	21	5
7254	43	21	5
7255	21	21	6
7256	34	21	6
7257	5	21	6
7258	23	21	6
7259	203	21	6
7260	204	21	6
7261	72	21	6
7262	76	21	6
7263	205	21	6
7264	77	21	6
7265	100	21	6
7266	80	21	6
7267	84	21	6
7268	37	21	6
7269	88	21	6
7270	111	21	6
7271	12	21	6
7272	33	21	6
7273	39	21	6
7274	113	21	6
7275	3	21	6
7276	40	21	6
7277	43	21	6
7278	98	21	7
7279	52	21	7
7280	185	21	7
7281	62	21	7
7282	27	21	7
7283	64	21	7
7284	206	21	7
7285	207	21	7
7286	66	21	7
7287	67	21	7
7288	208	21	7
7289	209	21	7
7290	210	21	7
7291	77	21	7
7292	100	21	7
7293	25	21	7
7294	84	21	7
7295	131	21	7
7296	211	21	7
7297	183	21	7
7298	88	21	7
7299	11	21	7
7300	28	21	7
7301	33	21	7
7302	38	21	7
7303	212	21	7
7304	26	21	7
7305	213	21	7
7306	92	21	7
7307	158	21	7
7308	4	21	7
7309	40	21	7
7310	98	21	8
7311	52	21	8
7312	185	21	8
7313	62	21	8
7314	27	21	8
7315	64	21	8
7316	206	21	8
7317	207	21	8
7318	66	21	8
7319	67	21	8
7320	208	21	8
7321	209	21	8
7322	210	21	8
7323	77	21	8
7324	100	21	8
7325	25	21	8
7326	84	21	8
7327	131	21	8
7328	211	21	8
7329	183	21	8
7330	88	21	8
7331	11	21	8
7332	28	21	8
7333	33	21	8
7334	38	21	8
7335	212	21	8
7336	26	21	8
7337	213	21	8
7338	92	21	8
7339	158	21	8
7340	4	21	8
7341	40	21	8
7342	98	21	9
7343	52	21	9
7344	185	21	9
7345	62	21	9
7346	27	21	9
7347	64	21	9
7348	206	21	9
7349	207	21	9
7350	66	21	9
7351	67	21	9
7352	208	21	9
7353	209	21	9
7354	210	21	9
7355	77	21	9
7356	100	21	9
7357	25	21	9
7358	84	21	9
7359	131	21	9
7360	211	21	9
7361	183	21	9
7362	88	21	9
7363	11	21	9
7364	28	21	9
7365	33	21	9
7366	38	21	9
7367	212	21	9
7368	26	21	9
7369	213	21	9
7370	92	21	9
7371	158	21	9
7372	4	21	9
7373	40	21	9
7374	98	21	10
7375	52	21	10
7376	185	21	10
7377	62	21	10
7378	27	21	10
7379	64	21	10
7380	206	21	10
7381	207	21	10
7382	66	21	10
7383	67	21	10
7384	208	21	10
7385	209	21	10
7386	210	21	10
7387	77	21	10
7388	100	21	10
7389	25	21	10
7390	84	21	10
7391	131	21	10
7392	211	21	10
7393	183	21	10
7394	88	21	10
7395	11	21	10
7396	28	21	10
7397	33	21	10
7398	38	21	10
7399	212	21	10
7400	26	21	10
7401	213	21	10
7402	92	21	10
7403	158	21	10
7404	4	21	10
7405	40	21	10
7406	98	21	11
7407	52	21	11
7408	185	21	11
7409	62	21	11
7410	27	21	11
7411	64	21	11
7412	206	21	11
7413	207	21	11
7414	66	21	11
7415	67	21	11
7416	208	21	11
7417	209	21	11
7418	210	21	11
7419	77	21	11
7420	100	21	11
7421	25	21	11
7422	84	21	11
7423	131	21	11
7424	211	21	11
7425	183	21	11
7426	88	21	11
7427	11	21	11
7428	28	21	11
7429	33	21	11
7430	38	21	11
7431	212	21	11
7432	26	21	11
7433	213	21	11
7434	92	21	11
7435	158	21	11
7436	4	21	11
7437	40	21	11
7438	98	21	12
7439	52	21	12
7440	185	21	12
7441	62	21	12
7442	27	21	12
7443	64	21	12
7444	206	21	12
7445	207	21	12
7446	66	21	12
7447	67	21	12
7448	208	21	12
7449	209	21	12
7450	210	21	12
7451	77	21	12
7452	100	21	12
7453	25	21	12
7454	84	21	12
7455	131	21	12
7456	211	21	12
7457	183	21	12
7458	88	21	12
7459	11	21	12
7460	28	21	12
7461	33	21	12
7462	38	21	12
7463	212	21	12
7464	26	21	12
7465	213	21	12
7466	92	21	12
7467	158	21	12
7468	4	21	12
7469	40	21	12
7470	105	21	13
7471	34	21	13
7472	24	21	13
7473	5	21	13
7474	23	21	13
7475	27	21	13
7476	35	21	13
7477	214	21	13
7478	207	21	13
7479	14	21	13
7480	32	21	13
7481	209	21	13
7482	9	21	13
7483	70	21	13
7484	71	21	13
7485	72	21	13
7486	42	21	13
7487	45	21	13
7488	100	21	13
7489	25	21	13
7490	215	21	13
7491	47	21	13
7492	216	21	13
7493	84	21	13
7494	20	21	13
7495	37	21	13
7496	211	21	13
7497	183	21	13
7498	50	21	13
7499	111	21	13
7500	12	21	13
7501	102	21	13
7502	33	21	13
7503	212	21	13
7504	217	21	13
7505	26	21	13
7506	6	21	13
7507	4	21	13
7508	15	21	13
7509	218	21	13
7510	16	21	13
7511	156	21	13
7512	105	21	14
7513	34	21	14
7514	24	21	14
7515	5	21	14
7516	23	21	14
7517	27	21	14
7518	35	21	14
7519	214	21	14
7520	207	21	14
7521	14	21	14
7522	32	21	14
7523	209	21	14
7524	9	21	14
7525	70	21	14
7526	71	21	14
7527	72	21	14
7528	42	21	14
7529	45	21	14
7530	100	21	14
7531	25	21	14
7532	215	21	14
7533	47	21	14
7534	216	21	14
7535	84	21	14
7536	20	21	14
7537	37	21	14
7538	211	21	14
7539	183	21	14
7540	50	21	14
7541	111	21	14
7542	12	21	14
7543	102	21	14
7544	33	21	14
7545	212	21	14
7546	217	21	14
7547	26	21	14
7548	6	21	14
7549	4	21	14
7550	15	21	14
7551	218	21	14
7552	16	21	14
7553	156	21	14
7554	105	21	15
7555	34	21	15
7556	24	21	15
7557	5	21	15
7558	23	21	15
7559	27	21	15
7560	35	21	15
7561	214	21	15
7562	207	21	15
7563	14	21	15
7564	32	21	15
7565	209	21	15
7566	9	21	15
7567	70	21	15
7568	71	21	15
7569	72	21	15
7570	42	21	15
7571	45	21	15
7572	100	21	15
7573	25	21	15
7574	215	21	15
7575	47	21	15
7576	216	21	15
7577	84	21	15
7578	20	21	15
7579	37	21	15
7580	211	21	15
7581	183	21	15
7582	50	21	15
7583	111	21	15
7584	12	21	15
7585	102	21	15
7586	33	21	15
7587	212	21	15
7588	217	21	15
7589	26	21	15
7590	6	21	15
7591	4	21	15
7592	15	21	15
7593	218	21	15
7594	16	21	15
7595	156	21	15
7596	105	21	16
7597	34	21	16
7598	24	21	16
7599	5	21	16
7600	23	21	16
7601	27	21	16
7602	35	21	16
7603	214	21	16
7604	207	21	16
7605	14	21	16
7606	32	21	16
7607	209	21	16
7608	9	21	16
7609	70	21	16
7610	71	21	16
7611	72	21	16
7612	42	21	16
7613	45	21	16
7614	100	21	16
7615	25	21	16
7616	215	21	16
7617	47	21	16
7618	216	21	16
7619	84	21	16
7620	20	21	16
7621	37	21	16
7622	211	21	16
7623	183	21	16
7624	50	21	16
7625	111	21	16
7626	12	21	16
7627	102	21	16
7628	33	21	16
7629	212	21	16
7630	217	21	16
7631	26	21	16
7632	6	21	16
7633	4	21	16
7634	15	21	16
7635	218	21	16
7636	16	21	16
7637	156	21	16
7638	105	21	17
7639	34	21	17
7640	24	21	17
7641	5	21	17
7642	23	21	17
7643	27	21	17
7644	35	21	17
7645	214	21	17
7646	207	21	17
7647	14	21	17
7648	32	21	17
7649	209	21	17
7650	9	21	17
7651	70	21	17
7652	71	21	17
7653	72	21	17
7654	42	21	17
7655	45	21	17
7656	100	21	17
7657	25	21	17
7658	215	21	17
7659	47	21	17
7660	216	21	17
7661	84	21	17
7662	20	21	17
7663	37	21	17
7664	211	21	17
7665	183	21	17
7666	50	21	17
7667	111	21	17
7668	12	21	17
7669	102	21	17
7670	33	21	17
7671	212	21	17
7672	217	21	17
7673	26	21	17
7674	6	21	17
7675	4	21	17
7676	15	21	17
7677	218	21	17
7678	16	21	17
7679	156	21	17
7680	105	21	18
7681	34	21	18
7682	24	21	18
7683	5	21	18
7684	23	21	18
7685	27	21	18
7686	35	21	18
7687	214	21	18
7688	207	21	18
7689	14	21	18
7690	32	21	18
7691	209	21	18
7692	9	21	18
7693	70	21	18
7694	71	21	18
7695	72	21	18
7696	42	21	18
7697	45	21	18
7698	100	21	18
7699	25	21	18
7700	215	21	18
7701	47	21	18
7702	216	21	18
7703	84	21	18
7704	20	21	18
7705	37	21	18
7706	211	21	18
7707	183	21	18
7708	50	21	18
7709	111	21	18
7710	12	21	18
7711	102	21	18
7712	33	21	18
7713	212	21	18
7714	217	21	18
7715	26	21	18
7716	6	21	18
7717	4	21	18
7718	15	21	18
7719	218	21	18
7720	16	21	18
7721	156	21	18
7722	21	21	19
7723	98	21	19
7724	185	21	19
7725	34	21	19
7726	62	21	19
7727	24	21	19
7728	41	21	19
7729	5	21	19
7730	23	21	19
7731	27	21	19
7732	203	21	19
7733	64	21	19
7734	66	21	19
7735	67	21	19
7736	204	21	19
7737	208	21	19
7738	71	21	19
7739	72	21	19
7740	76	21	19
7741	77	21	19
7742	100	21	19
7743	219	21	19
7744	25	21	19
7745	84	21	19
7746	131	21	19
7747	20	21	19
7748	37	21	19
7749	50	21	19
7750	111	21	19
7751	12	21	19
7752	22	21	19
7753	101	21	19
7754	33	21	19
7755	39	21	19
7756	26	21	19
7757	113	21	19
7758	213	21	19
7759	3	21	19
7760	40	21	19
7761	43	21	19
7762	21	21	20
7763	98	21	20
7764	185	21	20
7765	34	21	20
7766	62	21	20
7767	24	21	20
7768	41	21	20
7769	5	21	20
7770	23	21	20
7771	27	21	20
7772	203	21	20
7773	64	21	20
7774	66	21	20
7775	67	21	20
7776	204	21	20
7777	208	21	20
7778	71	21	20
7779	72	21	20
7780	76	21	20
7781	77	21	20
7782	100	21	20
7783	219	21	20
7784	25	21	20
7785	84	21	20
7786	131	21	20
7787	20	21	20
7788	37	21	20
7789	50	21	20
7790	111	21	20
7791	12	21	20
7792	22	21	20
7793	101	21	20
7794	33	21	20
7795	39	21	20
7796	26	21	20
7797	113	21	20
7798	213	21	20
7799	3	21	20
7800	40	21	20
7801	43	21	20
7802	21	21	21
7803	98	21	21
7804	185	21	21
7805	34	21	21
7806	62	21	21
7807	24	21	21
7808	41	21	21
7809	5	21	21
7810	23	21	21
7811	27	21	21
7812	203	21	21
7813	64	21	21
7814	66	21	21
7815	67	21	21
7816	204	21	21
7817	208	21	21
7818	71	21	21
7819	72	21	21
7820	76	21	21
7821	77	21	21
7822	100	21	21
7823	219	21	21
7824	25	21	21
7825	84	21	21
7826	131	21	21
7827	20	21	21
7828	37	21	21
7829	50	21	21
7830	111	21	21
7831	12	21	21
7832	22	21	21
7833	101	21	21
7834	33	21	21
7835	39	21	21
7836	26	21	21
7837	113	21	21
7838	213	21	21
7839	3	21	21
7840	40	21	21
7841	43	21	21
7842	21	21	22
7843	98	21	22
7844	185	21	22
7845	34	21	22
7846	62	21	22
7847	24	21	22
7848	41	21	22
7849	5	21	22
7850	23	21	22
7851	27	21	22
7852	203	21	22
7853	64	21	22
7854	66	21	22
7855	67	21	22
7856	204	21	22
7857	208	21	22
7858	71	21	22
7859	72	21	22
7860	76	21	22
7861	77	21	22
7862	100	21	22
7863	219	21	22
7864	25	21	22
7865	84	21	22
7866	131	21	22
7867	20	21	22
7868	37	21	22
7869	50	21	22
7870	111	21	22
7871	12	21	22
7872	22	21	22
7873	101	21	22
7874	33	21	22
7875	39	21	22
7876	26	21	22
7877	113	21	22
7878	213	21	22
7879	3	21	22
7880	40	21	22
7881	43	21	22
7882	21	21	23
7883	98	21	23
7884	185	21	23
7885	34	21	23
7886	62	21	23
7887	24	21	23
7888	41	21	23
7889	5	21	23
7890	23	21	23
7891	27	21	23
7892	203	21	23
7893	64	21	23
7894	66	21	23
7895	67	21	23
7896	204	21	23
7897	208	21	23
7898	71	21	23
7899	72	21	23
7900	76	21	23
7901	77	21	23
7902	100	21	23
7903	219	21	23
7904	25	21	23
7905	84	21	23
7906	131	21	23
7907	20	21	23
7908	37	21	23
7909	50	21	23
7910	111	21	23
7911	12	21	23
7912	22	21	23
7913	101	21	23
7914	33	21	23
7915	39	21	23
7916	26	21	23
7917	113	21	23
7918	213	21	23
7919	3	21	23
7920	40	21	23
7921	43	21	23
7922	21	21	24
7923	98	21	24
7924	185	21	24
7925	34	21	24
7926	62	21	24
7927	24	21	24
7928	41	21	24
7929	5	21	24
7930	23	21	24
7931	27	21	24
7932	203	21	24
7933	64	21	24
7934	66	21	24
7935	67	21	24
7936	204	21	24
7937	208	21	24
7938	71	21	24
7939	72	21	24
7940	76	21	24
7941	77	21	24
7942	100	21	24
7943	219	21	24
7944	25	21	24
7945	84	21	24
7946	131	21	24
7947	20	21	24
7948	37	21	24
7949	50	21	24
7950	111	21	24
7951	12	21	24
7952	22	21	24
7953	101	21	24
7954	33	21	24
7955	39	21	24
7956	26	21	24
7957	113	21	24
7958	213	21	24
7959	3	21	24
7960	40	21	24
7961	43	21	24
7962	66	22	1
7963	26	22	1
7964	173	22	1
7965	40	22	1
7966	66	22	2
7967	220	22	2
7968	26	22	2
7969	173	22	2
7970	40	22	2
7971	66	22	3
7972	220	22	3
7973	26	22	3
7974	173	22	3
7975	40	22	3
7976	66	22	4
7977	220	22	4
7978	26	22	4
7979	173	22	4
7980	40	22	4
7981	66	22	5
7982	220	22	5
7983	26	22	5
7984	4	22	5
7985	173	22	5
7986	40	22	5
7987	52	22	6
7988	66	22	6
7989	220	22	6
7990	25	22	6
7991	26	22	6
7992	4	22	6
7993	40	22	6
7994	52	22	7
7995	66	22	7
7996	25	22	7
7997	26	22	7
7998	4	22	7
7999	40	22	7
8000	52	22	8
8001	66	22	8
8002	25	22	8
8003	37	22	8
8004	26	22	8
8005	4	22	8
8006	52	22	9
8007	66	22	9
8008	14	22	9
8009	25	22	9
8010	56	22	9
8011	37	22	9
8012	10	22	9
8013	198	22	9
8014	26	22	9
8015	7	22	9
8016	4	22	9
8017	52	22	10
8018	8	22	10
8019	5	22	10
8020	66	22	10
8021	14	22	10
8022	157	22	10
8023	221	22	10
8024	25	22	10
8025	19	22	10
8026	56	22	10
8027	20	22	10
8028	37	22	10
8029	10	22	10
8030	198	22	10
8031	12	22	10
8032	26	22	10
8033	7	22	10
8034	6	22	10
8035	4	22	10
8036	15	22	10
8037	16	22	10
8038	52	22	11
8039	54	22	11
8040	8	22	11
8041	5	22	11
8042	18	22	11
8043	66	22	11
8044	14	22	11
8045	157	22	11
8046	221	22	11
8047	19	22	11
8048	56	22	11
8049	20	22	11
8050	37	22	11
8051	10	22	11
8052	198	22	11
8053	12	22	11
8054	7	22	11
8055	6	22	11
8056	4	22	11
8057	15	22	11
8058	222	22	11
8059	16	22	11
8060	52	22	12
8061	54	22	12
8062	8	22	12
8063	5	22	12
8064	18	22	12
8065	66	22	12
8066	14	22	12
8067	9	22	12
8068	157	22	12
8069	119	22	12
8070	221	22	12
8071	19	22	12
8072	56	22	12
8073	20	22	12
8074	37	22	12
8075	10	22	12
8076	198	22	12
8077	12	22	12
8078	7	22	12
8079	6	22	12
8080	15	22	12
8081	222	22	12
8082	16	22	12
8083	17	22	12
8084	54	22	13
8085	8	22	13
8086	5	22	13
8087	18	22	13
8088	14	22	13
8089	9	22	13
8090	157	22	13
8091	119	22	13
8092	221	22	13
8093	19	22	13
8094	58	22	13
8095	56	22	13
8096	20	22	13
8097	10	22	13
8098	111	22	13
8099	198	22	13
8100	12	22	13
8101	7	22	13
8102	6	22	13
8103	222	22	13
8104	16	22	13
8105	17	22	13
8106	21	22	14
8107	54	22	14
8108	8	22	14
8109	5	22	14
8110	18	22	14
8111	14	22	14
8112	9	22	14
8113	157	22	14
8114	119	22	14
8115	221	22	14
8116	19	22	14
8117	58	22	14
8118	56	22	14
8119	20	22	14
8120	10	22	14
8121	111	22	14
8122	198	22	14
8123	12	22	14
8124	7	22	14
8125	6	22	14
8126	222	22	14
8127	3	22	14
8128	16	22	14
8129	17	22	14
8130	21	22	15
8131	5	22	15
8132	18	22	15
8133	9	22	15
8134	157	22	15
8135	119	22	15
8136	221	22	15
8137	19	22	15
8138	58	22	15
8139	56	22	15
8140	20	22	15
8141	10	22	15
8142	48	22	15
8143	111	22	15
8144	198	22	15
8145	12	22	15
8146	7	22	15
8147	6	22	15
8148	222	22	15
8149	3	22	15
8150	16	22	15
8151	17	22	15
8152	21	22	16
8153	5	22	16
8154	18	22	16
8155	9	22	16
8156	157	22	16
8157	119	22	16
8158	221	22	16
8159	19	22	16
8160	58	22	16
8161	56	22	16
8162	20	22	16
8163	10	22	16
8164	223	22	16
8165	48	22	16
8166	111	22	16
8167	198	22	16
8168	12	22	16
8169	7	22	16
8170	6	22	16
8171	222	22	16
8172	3	22	16
8173	16	22	16
8174	17	22	16
8175	21	22	17
8176	5	22	17
8177	9	22	17
8178	157	22	17
8179	119	22	17
8180	221	22	17
8181	19	22	17
8182	58	22	17
8183	20	22	17
8184	223	22	17
8185	48	22	17
8186	2	22	17
8187	198	22	17
8188	12	22	17
8189	7	22	17
8190	6	22	17
8191	3	22	17
8192	16	22	17
8193	21	22	18
8194	5	22	18
8195	9	22	18
8196	157	22	18
8197	119	22	18
8198	221	22	18
8199	19	22	18
8200	58	22	18
8201	20	22	18
8202	223	22	18
8203	48	22	18
8204	2	22	18
8205	198	22	18
8206	22	22	18
8207	7	22	18
8208	6	22	18
8209	3	22	18
8210	16	22	18
8211	21	22	19
8212	66	22	19
8213	9	22	19
8214	221	22	19
8215	19	22	19
8216	58	22	19
8217	223	22	19
8218	48	22	19
8219	2	22	19
8220	198	22	19
8221	22	22	19
8222	7	22	19
8223	3	22	19
8224	16	22	19
8225	173	22	19
8226	21	22	20
8227	66	22	20
8228	9	22	20
8229	19	22	20
8230	58	22	20
8231	223	22	20
8232	48	22	20
8233	2	22	20
8234	198	22	20
8235	22	22	20
8236	7	22	20
8237	3	22	20
8238	173	22	20
8239	21	22	21
8240	66	22	21
8241	2	22	21
8242	198	22	21
8243	22	22	21
8244	7	22	21
8245	3	22	21
8246	173	22	21
8247	21	22	22
8248	66	22	22
8249	2	22	22
8250	3	22	22
8251	173	22	22
8252	66	22	23
8253	2	22	23
8254	173	22	23
8255	66	22	24
8256	173	22	24
8257	52	23	5
8258	92	23	5
8259	52	23	6
8260	92	23	6
8261	52	23	7
8262	130	23	7
8263	25	23	7
8264	26	23	7
8265	92	23	7
8266	52	23	8
8267	130	23	8
8268	25	23	8
8269	26	23	8
8270	92	23	8
8271	52	23	9
8272	34	23	9
8273	24	23	9
8274	41	23	9
8275	5	23	9
8276	27	23	9
8277	14	23	9
8278	42	23	9
8279	130	23	9
8280	1	23	9
8281	80	23	9
8282	25	23	9
8283	37	23	9
8284	28	23	9
8285	38	23	9
8286	26	23	9
8287	92	23	9
8288	16	23	9
8289	52	23	10
8290	34	23	10
8291	24	23	10
8292	41	23	10
8293	5	23	10
8294	27	23	10
8295	55	23	10
8296	14	23	10
8297	42	23	10
8298	130	23	10
8299	1	23	10
8300	100	23	10
8301	80	23	10
8302	25	23	10
8303	37	23	10
8304	28	23	10
8305	38	23	10
8306	26	23	10
8307	92	23	10
8308	4	23	10
8309	30	23	10
8310	16	23	10
8311	40	23	10
8312	21	23	11
8313	103	23	11
8314	52	23	11
8315	34	23	11
8316	54	23	11
8317	8	23	11
8318	24	23	11
8319	41	23	11
8320	5	23	11
8321	18	23	11
8322	23	23	11
8323	27	23	11
8324	55	23	11
8325	14	23	11
8326	9	23	11
8327	42	23	11
8328	130	23	11
8329	76	23	11
8330	100	23	11
8331	80	23	11
8332	25	23	11
8333	20	23	11
8334	37	23	11
8335	10	23	11
8336	28	23	11
8337	33	23	11
8338	38	23	11
8339	26	23	11
8340	7	23	11
8341	92	23	11
8342	4	23	11
8343	30	23	11
8344	15	23	11
8345	16	23	11
8346	40	23	11
8347	17	23	11
8348	21	23	12
8349	103	23	12
8350	52	23	12
8351	34	23	12
8352	54	23	12
8353	8	23	12
8354	24	23	12
8355	5	23	12
8356	18	23	12
8357	23	23	12
8358	27	23	12
8359	55	23	12
8360	14	23	12
8361	9	23	12
8362	72	23	12
8363	42	23	12
8364	130	23	12
8365	76	23	12
8366	100	23	12
8367	80	23	12
8368	25	23	12
8369	56	23	12
8370	20	23	12
8371	37	23	12
8372	10	23	12
8373	111	23	12
8374	12	23	12
8375	28	23	12
8376	33	23	12
8377	38	23	12
8378	26	23	12
8379	7	23	12
8380	4	23	12
8381	30	23	12
8382	15	23	12
8383	16	23	12
8384	40	23	12
8385	17	23	12
8386	21	23	13
8387	103	23	13
8388	34	23	13
8389	13	23	13
8390	54	23	13
8391	8	23	13
8392	24	23	13
8393	5	23	13
8394	18	23	13
8395	23	23	13
8396	27	23	13
8397	55	23	13
8398	14	23	13
8399	9	23	13
8400	72	23	13
8401	42	23	13
8402	119	23	13
8403	130	23	13
8404	76	23	13
8405	174	23	13
8406	80	23	13
8407	19	23	13
8408	56	23	13
8409	20	23	13
8410	37	23	13
8411	10	23	13
8412	48	23	13
8413	111	23	13
8414	12	23	13
8415	22	23	13
8416	28	23	13
8417	33	23	13
8418	38	23	13
8419	26	23	13
8420	7	23	13
8421	224	23	13
8422	4	23	13
8423	30	23	13
8424	15	23	13
8425	16	23	13
8426	40	23	13
8427	17	23	13
8428	21	23	14
8429	97	23	14
8430	34	23	14
8431	13	23	14
8432	54	23	14
8433	8	23	14
8434	24	23	14
8435	5	23	14
8436	18	23	14
8437	23	23	14
8438	14	23	14
8439	9	23	14
8440	72	23	14
8441	119	23	14
8442	130	23	14
8443	76	23	14
8444	174	23	14
8445	80	23	14
8446	19	23	14
8447	56	23	14
8448	20	23	14
8449	37	23	14
8450	10	23	14
8451	48	23	14
8452	111	23	14
8453	12	23	14
8454	22	23	14
8455	28	23	14
8456	33	23	14
8457	38	23	14
8458	26	23	14
8459	7	23	14
8460	224	23	14
8461	4	23	14
8462	30	23	14
8463	15	23	14
8464	16	23	14
8465	40	23	14
8466	17	23	14
8467	43	23	14
8468	21	23	15
8469	97	23	15
8470	34	23	15
8471	13	23	15
8472	54	23	15
8473	8	23	15
8474	5	23	15
8475	18	23	15
8476	23	23	15
8477	14	23	15
8478	9	23	15
8479	72	23	15
8480	119	23	15
8481	130	23	15
8482	76	23	15
8483	174	23	15
8484	80	23	15
8485	19	23	15
8486	56	23	15
8487	20	23	15
8488	37	23	15
8489	10	23	15
8490	48	23	15
8491	111	23	15
8492	12	23	15
8493	22	23	15
8494	28	23	15
8495	33	23	15
8496	38	23	15
8497	26	23	15
8498	7	23	15
8499	224	23	15
8500	4	23	15
8501	30	23	15
8502	15	23	15
8503	3	23	15
8504	16	23	15
8505	40	23	15
8506	17	23	15
8507	43	23	15
8508	21	23	16
8509	97	23	16
8510	34	23	16
8511	13	23	16
8512	54	23	16
8513	8	23	16
8514	18	23	16
8515	23	23	16
8516	14	23	16
8517	9	23	16
8518	72	23	16
8519	119	23	16
8520	130	23	16
8521	76	23	16
8522	174	23	16
8523	80	23	16
8524	19	23	16
8525	56	23	16
8526	20	23	16
8527	37	23	16
8528	10	23	16
8529	48	23	16
8530	111	23	16
8531	141	23	16
8532	12	23	16
8533	22	23	16
8534	28	23	16
8535	33	23	16
8536	38	23	16
8537	26	23	16
8538	7	23	16
8539	224	23	16
8540	4	23	16
8541	30	23	16
8542	15	23	16
8543	3	23	16
8544	16	23	16
8545	40	23	16
8546	17	23	16
8547	43	23	16
8548	21	23	17
8549	34	23	17
8550	13	23	17
8551	54	23	17
8552	8	23	17
8553	24	23	17
8554	18	23	17
8555	23	23	17
8556	27	23	17
8557	14	23	17
8558	9	23	17
8559	72	23	17
8560	119	23	17
8561	130	23	17
8562	1	23	17
8563	76	23	17
8564	174	23	17
8565	25	23	17
8566	19	23	17
8567	56	23	17
8568	20	23	17
8569	37	23	17
8570	10	23	17
8571	48	23	17
8572	111	23	17
8573	141	23	17
8574	12	23	17
8575	22	23	17
8576	28	23	17
8577	33	23	17
8578	38	23	17
8579	26	23	17
8580	7	23	17
8581	224	23	17
8582	30	23	17
8583	15	23	17
8584	3	23	17
8585	16	23	17
8586	40	23	17
8587	17	23	17
8588	43	23	17
8589	21	23	18
8590	34	23	18
8591	13	23	18
8592	8	23	18
8593	24	23	18
8594	5	23	18
8595	18	23	18
8596	23	23	18
8597	27	23	18
8598	14	23	18
8599	9	23	18
8600	72	23	18
8601	119	23	18
8602	130	23	18
8603	1	23	18
8604	76	23	18
8605	174	23	18
8606	100	23	18
8607	25	23	18
8608	19	23	18
8609	56	23	18
8610	20	23	18
8611	37	23	18
8612	10	23	18
8613	48	23	18
8614	111	23	18
8615	141	23	18
8616	12	23	18
8617	22	23	18
8618	28	23	18
8619	33	23	18
8620	38	23	18
8621	26	23	18
8622	7	23	18
8623	224	23	18
8624	92	23	18
8625	30	23	18
8626	15	23	18
8627	3	23	18
8628	16	23	18
8629	40	23	18
8630	17	23	18
8631	43	23	18
8632	21	23	19
8633	34	23	19
8634	13	23	19
8635	8	23	19
8636	24	23	19
8637	5	23	19
8638	18	23	19
8639	27	23	19
8640	14	23	19
8641	9	23	19
8642	72	23	19
8643	119	23	19
8644	130	23	19
8645	1	23	19
8646	76	23	19
8647	174	23	19
8648	100	23	19
8649	25	23	19
8650	19	23	19
8651	20	23	19
8652	37	23	19
8653	48	23	19
8654	111	23	19
8655	141	23	19
8656	12	23	19
8657	22	23	19
8658	28	23	19
8659	33	23	19
8660	38	23	19
8661	26	23	19
8662	7	23	19
8663	224	23	19
8664	92	23	19
8665	30	23	19
8666	15	23	19
8667	3	23	19
8668	16	23	19
8669	40	23	19
8670	17	23	19
8671	43	23	19
8672	21	23	20
8673	34	23	20
8674	13	23	20
8675	24	23	20
8676	5	23	20
8677	18	23	20
8678	27	23	20
8679	14	23	20
8680	9	23	20
8681	72	23	20
8682	119	23	20
8683	130	23	20
8684	1	23	20
8685	76	23	20
8686	174	23	20
8687	100	23	20
8688	25	23	20
8689	20	23	20
8690	37	23	20
8691	48	23	20
8692	111	23	20
8693	141	23	20
8694	12	23	20
8695	22	23	20
8696	28	23	20
8697	33	23	20
8698	38	23	20
8699	26	23	20
8700	7	23	20
8701	224	23	20
8702	92	23	20
8703	30	23	20
8704	3	23	20
8705	16	23	20
8706	40	23	20
8707	17	23	20
8708	43	23	20
8709	21	23	21
8710	34	23	21
8711	13	23	21
8712	24	23	21
8713	5	23	21
8714	27	23	21
8715	72	23	21
8716	130	23	21
8717	1	23	21
8718	76	23	21
8719	174	23	21
8720	25	23	21
8721	37	23	21
8722	48	23	21
8723	141	23	21
8724	12	23	21
8725	22	23	21
8726	28	23	21
8727	38	23	21
8728	26	23	21
8729	224	23	21
8730	92	23	21
8731	30	23	21
8732	3	23	21
8733	16	23	21
8734	40	23	21
8735	43	23	21
8736	21	23	22
8737	34	23	22
8738	13	23	22
8739	24	23	22
8740	27	23	22
8741	72	23	22
8742	130	23	22
8743	1	23	22
8744	76	23	22
8745	174	23	22
8746	25	23	22
8747	37	23	22
8748	48	23	22
8749	141	23	22
8750	12	23	22
8751	22	23	22
8752	26	23	22
8753	92	23	22
8754	3	23	22
8755	40	23	22
8756	43	23	22
8757	24	23	23
8758	141	23	23
8759	12	23	23
8760	22	23	23
8761	92	23	23
8762	3	23	23
8763	40	23	23
8764	43	23	23
8765	141	23	24
8766	92	23	24
8767	43	23	24
8768	33	24	13
8769	55	24	14
8770	33	24	14
8771	55	24	15
8772	14	24	15
8773	15	24	15
8774	14	24	16
8775	15	24	16
8776	37	24	17
8777	22	24	17
8778	21	24	18
8779	37	24	18
8780	22	24	18
8781	21	24	19
8782	37	24	19
8783	22	24	19
8784	21	24	20
8785	37	24	20
8786	22	24	20
8787	14	25	11
8788	30	25	11
8789	14	25	12
8790	30	25	12
8791	115	25	13
8792	14	25	13
8793	47	25	13
8794	12	25	13
8795	30	25	13
8796	16	25	13
8797	115	25	14
8798	14	25	14
8799	47	25	14
8800	12	25	14
8801	30	25	14
8802	16	25	14
8803	21	25	15
8804	159	25	15
8805	115	25	15
8806	14	25	15
8807	47	25	15
8808	12	25	15
8809	30	25	15
8810	16	25	15
8811	21	25	16
8812	159	25	16
8813	115	25	16
8814	14	25	16
8815	47	25	16
8816	12	25	16
8817	30	25	16
8818	16	25	16
8819	21	25	17
8820	159	25	17
8821	115	25	17
8822	14	25	17
8823	47	25	17
8824	12	25	17
8825	30	25	17
8826	16	25	17
8827	21	25	18
8828	159	25	18
8829	115	25	18
8830	14	25	18
8831	47	25	18
8832	12	25	18
8833	30	25	18
8834	16	25	18
8835	21	25	19
8836	12	25	19
8837	22	25	19
8838	21	25	20
8839	12	25	20
8840	22	25	20
8841	21	25	21
8842	12	25	21
8843	22	25	21
8844	21	25	22
8845	12	25	22
8846	22	25	22
8847	21	25	23
8848	21	25	24
8849	97	26	10
8850	52	26	10
8851	38	26	10
8852	97	26	11
8853	52	26	11
8854	106	26	11
8855	55	26	11
8856	1	26	11
8857	53	26	11
8858	12	26	11
8859	38	26	11
8860	4	26	11
8861	97	26	12
8862	52	26	12
8863	106	26	12
8864	24	26	12
8865	5	26	12
8866	55	26	12
8867	1	26	12
8868	53	26	12
8869	11	26	12
8870	12	26	12
8871	4	26	12
8872	34	26	13
8873	106	26	13
8874	24	26	13
8875	5	26	13
8876	18	26	13
8877	23	26	13
8878	35	26	13
8879	55	26	13
8880	42	26	13
8881	1	26	13
8882	53	26	13
8883	77	26	13
8884	56	26	13
8885	11	26	13
8886	12	26	13
8887	4	26	13
8888	30	26	13
8889	103	26	14
8890	31	26	14
8891	34	26	14
8892	8	26	14
8893	106	26	14
8894	24	26	14
8895	5	26	14
8896	18	26	14
8897	23	26	14
8898	35	26	14
8899	55	26	14
8900	14	26	14
8901	9	26	14
8902	42	26	14
8903	1	26	14
8904	53	26	14
8905	77	26	14
8906	56	26	14
8907	11	26	14
8908	50	26	14
8909	12	26	14
8910	225	26	14
8911	30	26	14
8912	15	26	14
8913	16	26	14
8914	103	26	15
8915	57	26	15
8916	31	26	15
8917	34	26	15
8918	8	26	15
8919	24	26	15
8920	5	26	15
8921	18	26	15
8922	23	26	15
8923	35	26	15
8924	14	26	15
8925	9	26	15
8926	42	26	15
8927	1	26	15
8928	53	26	15
8929	77	26	15
8930	56	26	15
8931	50	26	15
8932	12	26	15
8933	225	26	15
8934	30	26	15
8935	15	26	15
8936	16	26	15
8937	17	26	15
8938	43	26	15
8939	21	26	16
8940	103	26	16
8941	57	26	16
8942	31	26	16
8943	34	26	16
8944	54	26	16
8945	8	26	16
8946	24	26	16
8947	5	26	16
8948	18	26	16
8949	23	26	16
8950	35	26	16
8951	14	26	16
8952	9	26	16
8953	42	26	16
8954	1	26	16
8955	53	26	16
8956	77	26	16
8957	56	26	16
8958	48	26	16
8959	50	26	16
8960	12	26	16
8961	33	26	16
8962	225	26	16
8963	30	26	16
8964	15	26	16
8965	16	26	16
8966	17	26	16
8967	43	26	16
8968	21	26	17
8969	57	26	17
8970	31	26	17
8971	34	26	17
8972	54	26	17
8973	24	26	17
8974	41	26	17
8975	5	26	17
8976	18	26	17
8977	23	26	17
8978	14	26	17
8979	9	26	17
8980	1	26	17
8981	53	26	17
8982	77	26	17
8983	48	26	17
8984	50	26	17
8985	111	26	17
8986	12	26	17
8987	22	26	17
8988	33	26	17
8989	30	26	17
8990	15	26	17
8991	16	26	17
8992	17	26	17
8993	43	26	17
8994	21	26	18
8995	57	26	18
8996	34	26	18
8997	54	26	18
8998	24	26	18
8999	41	26	18
9000	5	26	18
9001	18	26	18
9002	23	26	18
9003	14	26	18
9004	9	26	18
9005	119	26	18
9006	1	26	18
9007	53	26	18
9008	77	26	18
9009	48	26	18
9010	50	26	18
9011	12	26	18
9012	22	26	18
9013	33	26	18
9014	30	26	18
9015	15	26	18
9016	16	26	18
9017	17	26	18
9018	43	26	18
9019	21	26	19
9020	57	26	19
9021	34	26	19
9022	24	26	19
9023	41	26	19
9024	5	26	19
9025	23	26	19
9026	194	26	19
9027	119	26	19
9028	1	26	19
9029	53	26	19
9030	77	26	19
9031	48	26	19
9032	12	26	19
9033	22	26	19
9034	43	26	19
9035	21	26	20
9036	57	26	20
9037	194	26	20
9038	119	26	20
9039	1	26	20
9040	53	26	20
9041	77	26	20
9042	22	26	20
9043	43	26	20
9044	77	26	21
9045	77	26	22
9046	52	27	8
9047	92	27	8
9048	52	27	9
9049	92	27	9
9050	52	27	10
9051	24	27	10
9052	66	27	10
9053	25	27	10
9054	11	27	10
9055	92	27	10
9056	4	27	10
9057	52	27	11
9058	34	27	11
9059	24	27	11
9060	5	27	11
9061	55	27	11
9062	66	27	11
9063	25	27	11
9064	11	27	11
9065	7	27	11
9066	92	27	11
9067	4	27	11
9068	52	27	12
9069	34	27	12
9070	8	27	12
9071	24	27	12
9072	5	27	12
9073	55	27	12
9074	66	27	12
9075	14	27	12
9076	25	27	12
9077	37	27	12
9078	11	27	12
9079	7	27	12
9080	92	27	12
9081	6	27	12
9082	4	27	12
9083	34	27	13
9084	8	27	13
9085	24	27	13
9086	5	27	13
9087	66	27	13
9088	14	27	13
9089	160	27	13
9090	25	27	13
9091	56	27	13
9092	37	27	13
9093	10	27	13
9094	11	27	13
9095	50	27	13
9096	111	27	13
9097	12	27	13
9098	226	27	13
9099	7	27	13
9100	6	27	13
9101	15	27	13
9102	16	27	13
9103	21	27	14
9104	34	27	14
9105	54	27	14
9106	8	27	14
9107	24	27	14
9108	5	27	14
9109	66	27	14
9110	14	27	14
9111	9	27	14
9112	160	27	14
9113	25	27	14
9114	19	27	14
9115	56	27	14
9116	20	27	14
9117	37	27	14
9118	10	27	14
9119	50	27	14
9120	111	27	14
9121	12	27	14
9122	226	27	14
9123	7	27	14
9124	6	27	14
9125	15	27	14
9126	16	27	14
9127	21	27	15
9128	34	27	15
9129	54	27	15
9130	8	27	15
9131	24	27	15
9132	5	27	15
9133	66	27	15
9134	14	27	15
9135	9	27	15
9136	160	27	15
9137	25	27	15
9138	19	27	15
9139	56	27	15
9140	20	27	15
9141	37	27	15
9142	10	27	15
9143	48	27	15
9144	50	27	15
9145	111	27	15
9146	12	27	15
9147	7	27	15
9148	6	27	15
9149	15	27	15
9150	16	27	15
9151	21	27	16
9152	34	27	16
9153	54	27	16
9154	24	27	16
9155	5	27	16
9156	66	27	16
9157	14	27	16
9158	9	27	16
9159	160	27	16
9160	119	27	16
9161	25	27	16
9162	19	27	16
9163	56	27	16
9164	20	27	16
9165	37	27	16
9166	10	27	16
9167	48	27	16
9168	50	27	16
9169	111	27	16
9170	12	27	16
9171	226	27	16
9172	7	27	16
9173	6	27	16
9174	15	27	16
9175	16	27	16
9176	21	27	17
9177	34	27	17
9178	24	27	17
9179	5	27	17
9180	27	27	17
9181	66	27	17
9182	14	27	17
9183	9	27	17
9184	160	27	17
9185	119	27	17
9186	25	27	17
9187	19	27	17
9188	56	27	17
9189	20	27	17
9190	37	27	17
9191	10	27	17
9192	48	27	17
9193	50	27	17
9194	12	27	17
9195	226	27	17
9196	6	27	17
9197	15	27	17
9198	16	27	17
9199	21	27	18
9200	34	27	18
9201	24	27	18
9202	5	27	18
9203	27	27	18
9204	66	27	18
9205	9	27	18
9206	160	27	18
9207	119	27	18
9208	25	27	18
9209	19	27	18
9210	20	27	18
9211	37	27	18
9212	50	27	18
9213	12	27	18
9214	22	27	18
9215	226	27	18
9216	6	27	18
9217	15	27	18
9218	16	27	18
9219	21	27	19
9220	34	27	19
9221	24	27	19
9222	5	27	19
9223	27	27	19
9224	66	27	19
9225	9	27	19
9226	25	27	19
9227	19	27	19
9228	20	27	19
9229	50	27	19
9230	12	27	19
9231	22	27	19
9232	226	27	19
9233	16	27	19
9234	21	27	20
9235	34	27	20
9236	24	27	20
9237	5	27	20
9238	27	27	20
9239	66	27	20
9240	25	27	20
9241	19	27	20
9242	50	27	20
9243	22	27	20
9244	34	27	21
9245	5	27	21
9246	27	27	21
9247	66	27	21
9248	25	27	21
9249	50	27	21
9250	34	27	22
9251	27	27	22
9252	25	27	22
9253	27	27	23
9254	98	28	1
9255	53	28	1
9256	25	28	1
9257	28	28	1
9258	227	28	1
9259	98	28	2
9260	53	28	2
9261	25	28	2
9262	28	28	2
9263	227	28	2
9264	98	28	3
9265	53	28	3
9266	25	28	3
9267	28	28	3
9268	227	28	3
9269	92	28	3
9270	98	28	4
9271	53	28	4
9272	25	28	4
9273	28	28	4
9274	227	28	4
9275	92	28	4
9276	98	28	5
9277	53	28	5
9278	25	28	5
9279	28	28	5
9280	227	28	5
9281	92	28	5
9282	98	28	6
9283	53	28	6
9284	25	28	6
9285	28	28	6
9286	227	28	6
9287	92	28	6
9288	98	28	7
9289	52	28	7
9290	1	28	7
9291	53	28	7
9292	25	28	7
9293	11	28	7
9294	28	28	7
9295	38	28	7
9296	227	28	7
9297	92	28	7
9298	98	28	8
9299	52	28	8
9300	1	28	8
9301	53	28	8
9302	25	28	8
9303	11	28	8
9304	28	28	8
9305	38	28	8
9306	227	28	8
9307	92	28	8
9308	98	28	9
9309	52	28	9
9310	1	28	9
9311	53	28	9
9312	25	28	9
9313	11	28	9
9314	28	28	9
9315	38	28	9
9316	227	28	9
9317	92	28	9
9318	98	28	10
9319	52	28	10
9320	1	28	10
9321	53	28	10
9322	25	28	10
9323	11	28	10
9324	28	28	10
9325	38	28	10
9326	227	28	10
9327	92	28	10
9328	103	28	11
9329	98	28	11
9330	34	28	11
9331	55	28	11
9332	72	28	11
9333	1	28	11
9334	53	28	11
9335	25	28	11
9336	37	28	11
9337	11	28	11
9338	28	28	11
9339	227	28	11
9340	92	28	11
9341	30	28	11
9342	103	28	12
9343	98	28	12
9344	34	28	12
9345	55	28	12
9346	72	28	12
9347	1	28	12
9348	53	28	12
9349	25	28	12
9350	37	28	12
9351	11	28	12
9352	28	28	12
9353	227	28	12
9354	92	28	12
9355	30	28	12
9356	103	28	13
9357	31	28	13
9358	34	28	13
9359	13	28	13
9360	44	28	13
9361	54	28	13
9362	5	28	13
9363	23	28	13
9364	55	28	13
9365	115	28	13
9366	14	28	13
9367	9	28	13
9368	116	28	13
9369	72	28	13
9370	228	28	13
9371	53	28	13
9372	100	28	13
9373	80	28	13
9374	25	28	13
9375	47	28	13
9376	56	28	13
9377	20	28	13
9378	37	28	13
9379	10	28	13
9380	11	28	13
9381	111	28	13
9382	12	28	13
9383	33	28	13
9384	227	28	13
9385	92	28	13
9386	30	28	13
9387	117	28	13
9388	16	28	13
9389	40	28	13
9390	17	28	13
9391	103	28	14
9392	31	28	14
9393	34	28	14
9394	13	28	14
9395	44	28	14
9396	54	28	14
9397	5	28	14
9398	23	28	14
9399	55	28	14
9400	115	28	14
9401	14	28	14
9402	9	28	14
9403	116	28	14
9404	72	28	14
9405	228	28	14
9406	53	28	14
9407	100	28	14
9408	80	28	14
9409	25	28	14
9410	47	28	14
9411	56	28	14
9412	20	28	14
9413	37	28	14
9414	10	28	14
9415	11	28	14
9416	111	28	14
9417	12	28	14
9418	33	28	14
9419	227	28	14
9420	92	28	14
9421	30	28	14
9422	117	28	14
9423	16	28	14
9424	40	28	14
9425	17	28	14
9426	21	28	15
9427	103	28	15
9428	31	28	15
9429	34	28	15
9430	13	28	15
9431	44	28	15
9432	54	28	15
9433	5	28	15
9434	23	28	15
9435	115	28	15
9436	14	28	15
9437	9	28	15
9438	71	28	15
9439	116	28	15
9440	72	28	15
9441	119	28	15
9442	228	28	15
9443	53	28	15
9444	100	28	15
9445	80	28	15
9446	25	28	15
9447	47	28	15
9448	56	28	15
9449	20	28	15
9450	37	28	15
9451	10	28	15
9452	48	28	15
9453	111	28	15
9454	12	28	15
9455	33	28	15
9456	229	28	15
9457	227	28	15
9458	30	28	15
9459	117	28	15
9460	16	28	15
9461	40	28	15
9462	17	28	15
9463	21	28	16
9464	103	28	16
9465	31	28	16
9466	34	28	16
9467	13	28	16
9468	44	28	16
9469	54	28	16
9470	5	28	16
9471	23	28	16
9472	115	28	16
9473	14	28	16
9474	9	28	16
9475	71	28	16
9476	116	28	16
9477	72	28	16
9478	119	28	16
9479	228	28	16
9480	53	28	16
9481	100	28	16
9482	80	28	16
9483	25	28	16
9484	47	28	16
9485	56	28	16
9486	20	28	16
9487	37	28	16
9488	10	28	16
9489	48	28	16
9490	111	28	16
9491	12	28	16
9492	33	28	16
9493	229	28	16
9494	227	28	16
9495	30	28	16
9496	117	28	16
9497	16	28	16
9498	40	28	16
9499	17	28	16
9500	21	28	17
9501	98	28	17
9502	31	28	17
9503	34	28	17
9504	13	28	17
9505	54	28	17
9506	24	28	17
9507	5	28	17
9508	23	28	17
9509	27	28	17
9510	115	28	17
9511	14	28	17
9512	9	28	17
9513	71	28	17
9514	72	28	17
9515	119	28	17
9516	228	28	17
9517	1	28	17
9518	53	28	17
9519	100	28	17
9520	80	28	17
9521	25	28	17
9522	47	28	17
9523	56	28	17
9524	20	28	17
9525	37	28	17
9526	10	28	17
9527	48	28	17
9528	111	28	17
9529	12	28	17
9530	22	28	17
9531	28	28	17
9532	33	28	17
9533	229	28	17
9534	227	28	17
9535	30	28	17
9536	3	28	17
9537	117	28	17
9538	16	28	17
9539	40	28	17
9540	17	28	17
9541	43	28	17
9542	21	28	18
9543	98	28	18
9544	31	28	18
9545	34	28	18
9546	13	28	18
9547	54	28	18
9548	24	28	18
9549	5	28	18
9550	23	28	18
9551	27	28	18
9552	115	28	18
9553	14	28	18
9554	9	28	18
9555	71	28	18
9556	72	28	18
9557	119	28	18
9558	228	28	18
9559	1	28	18
9560	53	28	18
9561	100	28	18
9562	80	28	18
9563	25	28	18
9564	47	28	18
9565	56	28	18
9566	20	28	18
9567	37	28	18
9568	10	28	18
9569	48	28	18
9570	111	28	18
9571	12	28	18
9572	22	28	18
9573	28	28	18
9574	33	28	18
9575	229	28	18
9576	227	28	18
9577	30	28	18
9578	3	28	18
9579	117	28	18
9580	16	28	18
9581	40	28	18
9582	17	28	18
9583	43	28	18
9584	21	28	19
9585	98	28	19
9586	31	28	19
9587	34	28	19
9588	13	28	19
9589	24	28	19
9590	23	28	19
9591	27	28	19
9592	115	28	19
9593	14	28	19
9594	9	28	19
9595	71	28	19
9596	119	28	19
9597	228	28	19
9598	1	28	19
9599	53	28	19
9600	100	28	19
9601	80	28	19
9602	25	28	19
9603	47	28	19
9604	20	28	19
9605	37	28	19
9606	48	28	19
9607	12	28	19
9608	22	28	19
9609	28	28	19
9610	229	28	19
9611	227	28	19
9612	30	28	19
9613	3	28	19
9614	117	28	19
9615	16	28	19
9616	40	28	19
9617	17	28	19
9618	43	28	19
9619	21	28	20
9620	98	28	20
9621	31	28	20
9622	34	28	20
9623	13	28	20
9624	24	28	20
9625	23	28	20
9626	27	28	20
9627	115	28	20
9628	14	28	20
9629	9	28	20
9630	71	28	20
9631	119	28	20
9632	228	28	20
9633	1	28	20
9634	53	28	20
9635	100	28	20
9636	80	28	20
9637	25	28	20
9638	47	28	20
9639	20	28	20
9640	37	28	20
9641	48	28	20
9642	12	28	20
9643	22	28	20
9644	28	28	20
9645	229	28	20
9646	227	28	20
9647	30	28	20
9648	3	28	20
9649	117	28	20
9650	16	28	20
9651	40	28	20
9652	17	28	20
9653	43	28	20
9654	21	28	21
9655	98	28	21
9656	34	28	21
9657	24	28	21
9658	23	28	21
9659	27	28	21
9660	71	28	21
9661	119	28	21
9662	1	28	21
9663	53	28	21
9664	100	28	21
9665	80	28	21
9666	25	28	21
9667	37	28	21
9668	48	28	21
9669	12	28	21
9670	22	28	21
9671	28	28	21
9672	229	28	21
9673	227	28	21
9674	3	28	21
9675	40	28	21
9676	43	28	21
9677	21	28	22
9678	98	28	22
9679	34	28	22
9680	24	28	22
9681	23	28	22
9682	27	28	22
9683	71	28	22
9684	119	28	22
9685	1	28	22
9686	53	28	22
9687	100	28	22
9688	80	28	22
9689	25	28	22
9690	37	28	22
9691	48	28	22
9692	12	28	22
9693	22	28	22
9694	28	28	22
9695	229	28	22
9696	227	28	22
9697	3	28	22
9698	40	28	22
9699	43	28	22
9700	98	28	23
9701	53	28	23
9702	25	28	23
9703	28	28	23
9704	227	28	23
9705	98	28	24
9706	53	28	24
9707	25	28	24
9708	28	28	24
9709	227	28	24
9710	1	28	1
9711	1	28	2
9712	52	28	3
9713	1	28	3
9714	11	28	3
9715	52	28	4
9716	1	28	4
9717	11	28	4
9718	52	28	5
9719	1	28	5
9720	11	28	5
9721	52	28	6
9722	1	28	6
9723	11	28	6
9724	34	28	7
9725	72	28	7
9726	34	28	8
9727	72	28	8
9728	103	28	9
9729	34	28	9
9730	72	28	9
9731	30	28	9
9732	103	28	10
9733	34	28	10
9734	72	28	10
9735	30	28	10
9736	31	28	11
9737	13	28	11
9738	44	28	11
9739	54	28	11
9740	5	28	11
9741	23	28	11
9742	115	28	11
9743	14	28	11
9744	9	28	11
9745	116	28	11
9746	56	28	11
9747	20	28	11
9748	10	28	11
9749	111	28	11
9750	12	28	11
9751	33	28	11
9752	117	28	11
9753	16	28	11
9754	31	28	12
9755	13	28	12
9756	44	28	12
9757	54	28	12
9758	5	28	12
9759	23	28	12
9760	115	28	12
9761	14	28	12
9762	9	28	12
9763	116	28	12
9764	56	28	12
9765	20	28	12
9766	10	28	12
9767	111	28	12
9768	12	28	12
9769	33	28	12
9770	117	28	12
9771	16	28	12
9772	119	28	13
9773	3	28	13
9774	119	28	14
9775	3	28	14
9776	24	28	15
9777	3	28	15
9778	24	28	16
9779	22	28	16
9780	3	28	16
9781	116	28	17
9782	2	28	17
9783	51	28	17
9784	116	28	18
9785	2	28	18
9786	51	28	18
9787	2	28	19
9788	51	28	19
9789	2	28	20
9790	51	28	20
9791	31	28	21
9792	13	28	21
9793	115	28	21
9794	14	28	21
9795	9	28	21
9796	228	28	21
9797	47	28	21
9798	2	28	21
9799	51	28	21
9800	117	28	21
9801	16	28	21
9802	17	28	21
9803	31	28	22
9804	13	28	22
9805	115	28	22
9806	14	28	22
9807	9	28	22
9808	228	28	22
9809	47	28	22
9810	2	28	22
9811	51	28	22
9812	117	28	22
9813	16	28	22
9814	17	28	22
9815	1	28	23
9816	1	28	24
9817	21	29	1
9818	5	29	1
9819	23	29	1
9820	37	29	1
9821	12	29	1
9822	40	29	1
9823	43	29	1
9824	21	29	2
9825	5	29	2
9826	23	29	2
9827	37	29	2
9828	12	29	2
9829	40	29	2
9830	43	29	2
9831	21	29	3
9832	5	29	3
9833	23	29	3
9834	37	29	3
9835	12	29	3
9836	40	29	3
9837	43	29	3
9838	21	29	4
9839	23	29	4
9840	37	29	4
9841	12	29	4
9842	40	29	4
9843	43	29	4
9844	21	29	5
9845	23	29	5
9846	37	29	5
9847	12	29	5
9848	40	29	5
9849	43	29	5
9850	21	29	6
9851	23	29	6
9852	37	29	6
9853	12	29	6
9854	40	29	6
9855	43	29	6
9856	21	29	7
9857	23	29	7
9858	37	29	7
9859	12	29	7
9860	40	29	7
9861	21	29	8
9862	37	29	8
9863	12	29	8
9864	40	29	8
9865	21	29	9
9866	52	29	9
9867	28	29	9
9868	92	29	9
9869	21	29	10
9870	52	29	10
9871	24	29	10
9872	28	29	10
9873	38	29	10
9874	92	29	10
9875	21	29	11
9876	52	29	11
9877	24	29	11
9878	5	29	11
9879	28	29	11
9880	38	29	11
9881	92	29	11
9882	4	29	11
9883	30	29	11
9884	31	29	12
9885	24	29	12
9886	5	29	12
9887	11	29	12
9888	12	29	12
9889	28	29	12
9890	38	29	12
9891	92	29	12
9892	4	29	12
9893	30	29	12
9894	196	29	12
9895	31	29	13
9896	24	29	13
9897	5	29	13
9898	27	29	13
9899	25	29	13
9900	11	29	13
9901	12	29	13
9902	28	29	13
9903	33	29	13
9904	38	29	13
9905	199	29	13
9906	92	29	13
9907	30	29	13
9908	196	29	13
9909	16	29	13
9910	21	29	14
9911	31	29	14
9912	34	29	14
9913	8	29	14
9914	24	29	14
9915	5	29	14
9916	23	29	14
9917	27	29	14
9918	35	29	14
9919	115	29	14
9920	25	29	14
9921	10	29	14
9922	11	29	14
9923	12	29	14
9924	28	29	14
9925	33	29	14
9926	38	29	14
9927	199	29	14
9928	30	29	14
9929	16	29	14
9930	40	29	14
9931	21	29	15
9932	31	29	15
9933	34	29	15
9934	8	29	15
9935	24	29	15
9936	5	29	15
9937	23	29	15
9938	27	29	15
9939	35	29	15
9940	115	29	15
9941	14	29	15
9942	9	29	15
9943	25	29	15
9944	47	29	15
9945	37	29	15
9946	10	29	15
9947	11	29	15
9948	50	29	15
9949	12	29	15
9950	28	29	15
9951	38	29	15
9952	30	29	15
9953	16	29	15
9954	40	29	15
9955	21	29	16
9956	31	29	16
9957	34	29	16
9958	8	29	16
9959	24	29	16
9960	5	29	16
9961	23	29	16
9962	27	29	16
9963	35	29	16
9964	115	29	16
9965	14	29	16
9966	9	29	16
9967	119	29	16
9968	25	29	16
9969	47	29	16
9970	37	29	16
9971	10	29	16
9972	48	29	16
9973	50	29	16
9974	230	29	16
9975	12	29	16
9976	28	29	16
9977	38	29	16
9978	92	29	16
9979	30	29	16
9980	16	29	16
9981	40	29	16
9982	43	29	16
9983	21	29	17
9984	31	29	17
9985	34	29	17
9986	8	29	17
9987	24	29	17
9988	5	29	17
9989	23	29	17
9990	35	29	17
9991	115	29	17
9992	14	29	17
9993	9	29	17
9994	119	29	17
9995	25	29	17
9996	47	29	17
9997	37	29	17
9998	10	29	17
9999	48	29	17
10000	50	29	17
10001	230	29	17
10002	12	29	17
10003	22	29	17
10004	28	29	17
10005	33	29	17
10006	92	29	17
10007	30	29	17
10008	16	29	17
10009	40	29	17
10010	43	29	17
10011	21	29	18
10012	31	29	18
10013	34	29	18
10014	8	29	18
10015	24	29	18
10016	5	29	18
10017	23	29	18
10018	35	29	18
10019	115	29	18
10020	14	29	18
10021	9	29	18
10022	119	29	18
10023	25	29	18
10024	37	29	18
10025	48	29	18
10026	50	29	18
10027	230	29	18
10028	12	29	18
10029	22	29	18
10030	28	29	18
10031	33	29	18
10032	92	29	18
10033	30	29	18
10034	16	29	18
10035	40	29	18
10036	43	29	18
10037	21	29	19
10038	31	29	19
10039	34	29	19
10040	8	29	19
10041	24	29	19
10042	5	29	19
10043	23	29	19
10044	27	29	19
10045	35	29	19
10046	115	29	19
10047	14	29	19
10048	9	29	19
10049	119	29	19
10050	25	29	19
10051	37	29	19
10052	48	29	19
10053	50	29	19
10054	12	29	19
10055	22	29	19
10056	28	29	19
10057	33	29	19
10058	92	29	19
10059	30	29	19
10060	16	29	19
10061	40	29	19
10062	43	29	19
10063	21	29	20
10064	34	29	20
10065	8	29	20
10066	24	29	20
10067	5	29	20
10068	23	29	20
10069	27	29	20
10070	35	29	20
10071	9	29	20
10072	119	29	20
10073	25	29	20
10074	37	29	20
10075	48	29	20
10076	50	29	20
10077	12	29	20
10078	22	29	20
10079	28	29	20
10080	33	29	20
10081	92	29	20
10082	40	29	20
10083	43	29	20
10084	21	29	21
10085	34	29	21
10086	24	29	21
10087	5	29	21
10088	23	29	21
10089	27	29	21
10090	35	29	21
10091	37	29	21
10092	48	29	21
10093	12	29	21
10094	28	29	21
10095	40	29	21
10096	43	29	21
10097	21	29	22
10098	34	29	22
10099	24	29	22
10100	5	29	22
10101	23	29	22
10102	27	29	22
10103	37	29	22
10104	48	29	22
10105	12	29	22
10106	28	29	22
10107	40	29	22
10108	43	29	22
10109	21	29	23
10110	24	29	23
10111	5	29	23
10112	23	29	23
10113	27	29	23
10114	37	29	23
10115	12	29	23
10116	40	29	23
10117	43	29	23
10118	21	29	24
10119	24	29	24
10120	5	29	24
10121	23	29	24
10122	37	29	24
10123	12	29	24
10124	40	29	24
10125	43	29	24
10126	21	30	1
10127	223	30	1
10128	3	30	1
10129	21	30	2
10130	223	30	2
10131	3	30	2
10132	21	30	3
10133	223	30	3
10134	3	30	3
10135	21	30	4
10136	223	30	4
10137	3	30	4
10138	223	30	5
10139	3	30	5
10140	231	30	6
10141	223	30	6
10142	3	30	6
10143	231	30	7
10144	223	30	7
10145	3	30	7
10146	24	30	8
10147	231	30	8
10148	223	30	8
10149	4	30	8
10150	3	30	8
10151	24	30	9
10152	5	30	9
10153	231	30	9
10154	223	30	9
10155	4	30	9
10156	3	30	9
10157	8	30	10
10158	24	30	10
10159	5	30	10
10160	231	30	10
10161	223	30	10
10162	4	30	10
10163	30	30	10
10164	3	30	10
10165	8	30	11
10166	5	30	11
10167	14	30	11
10168	45	30	11
10169	231	30	11
10170	10	30	11
10171	223	30	11
10172	4	30	11
10173	30	30	11
10174	3	30	11
10175	17	30	11
10176	8	30	12
10177	5	30	12
10178	115	30	12
10179	14	30	12
10180	9	30	12
10181	45	30	12
10182	231	30	12
10183	10	30	12
10184	223	30	12
10185	50	30	12
10186	12	30	12
10187	30	30	12
10188	3	30	12
10189	17	30	12
10190	8	30	13
10191	5	30	13
10192	18	30	13
10193	115	30	13
10194	14	30	13
10195	9	30	13
10196	45	30	13
10197	231	30	13
10198	10	30	13
10199	223	30	13
10200	11	30	13
10201	50	30	13
10202	12	30	13
10203	30	30	13
10204	3	30	13
10205	16	30	13
10206	17	30	13
10207	172	30	14
10208	5	30	14
10209	18	30	14
10210	115	30	14
10211	14	30	14
10212	9	30	14
10213	45	30	14
10214	231	30	14
10215	20	30	14
10216	10	30	14
10217	223	30	14
10218	11	30	14
10219	50	30	14
10220	12	30	14
10221	30	30	14
10222	3	30	14
10223	16	30	14
10224	17	30	14
10225	172	30	15
10226	5	30	15
10227	18	30	15
10228	115	30	15
10229	14	30	15
10230	9	30	15
10231	45	30	15
10232	231	30	15
10233	20	30	15
10234	10	30	15
10235	223	30	15
10236	11	30	15
10237	50	30	15
10238	30	30	15
10239	3	30	15
10240	16	30	15
10241	17	30	15
10242	21	30	16
10243	172	30	16
10244	5	30	16
10245	18	30	16
10246	119	30	16
10247	45	30	16
10248	231	30	16
10249	20	30	16
10250	10	30	16
10251	223	30	16
10252	11	30	16
10253	30	30	16
10254	3	30	16
10255	16	30	16
10256	17	30	16
10257	21	30	17
10258	5	30	17
10259	119	30	17
10260	45	30	17
10261	231	30	17
10262	10	30	17
10263	223	30	17
10264	22	30	17
10265	30	30	17
10266	3	30	17
10267	16	30	17
10268	21	30	18
10269	5	30	18
10270	14	30	18
10271	119	30	18
10272	45	30	18
10273	231	30	18
10274	10	30	18
10275	223	30	18
10276	22	30	18
10277	30	30	18
10278	3	30	18
10279	16	30	18
10280	21	30	19
10281	5	30	19
10282	14	30	19
10283	119	30	19
10284	231	30	19
10285	223	30	19
10286	22	30	19
10287	3	30	19
10288	16	30	19
10289	21	30	20
10290	24	30	20
10291	5	30	20
10292	14	30	20
10293	231	30	20
10294	223	30	20
10295	22	30	20
10296	3	30	20
10297	16	30	20
10298	21	30	21
10299	24	30	21
10300	5	30	21
10301	14	30	21
10302	231	30	21
10303	223	30	21
10304	2	30	21
10305	3	30	21
10306	21	30	22
10307	24	30	22
10308	5	30	22
10309	231	30	22
10310	223	30	22
10311	2	30	22
10312	3	30	22
10313	21	30	23
10314	5	30	23
10315	231	30	23
10316	223	30	23
10317	2	30	23
10318	3	30	23
10319	21	30	24
10320	223	30	24
10321	2	30	24
10322	3	30	24
10323	5	31	7
10324	5	31	8
10325	5	31	9
10326	5	31	10
10327	5	31	11
10328	5	31	12
10329	24	31	13
10330	5	31	13
10331	23	31	13
10332	27	31	13
10333	66	31	13
10334	14	31	13
10335	204	31	13
10336	9	31	13
10337	232	31	13
10338	72	31	13
10339	45	31	13
10340	53	31	13
10341	174	31	13
10342	77	31	13
10343	80	31	13
10344	25	31	13
10345	84	31	13
10346	37	31	13
10347	11	31	13
10348	28	31	13
10349	33	31	13
10350	38	31	13
10351	227	31	13
10352	26	31	13
10353	113	31	13
10354	92	31	13
10355	4	31	13
10356	30	31	13
10357	15	31	13
10358	233	31	13
10359	16	31	13
10360	17	31	13
10361	24	31	14
10362	5	31	14
10363	23	31	14
10364	27	31	14
10365	66	31	14
10366	14	31	14
10367	204	31	14
10368	9	31	14
10369	232	31	14
10370	72	31	14
10371	45	31	14
10372	53	31	14
10373	174	31	14
10374	77	31	14
10375	80	31	14
10376	25	31	14
10377	84	31	14
10378	37	31	14
10379	11	31	14
10380	28	31	14
10381	33	31	14
10382	38	31	14
10383	227	31	14
10384	26	31	14
10385	113	31	14
10386	92	31	14
10387	4	31	14
10388	30	31	14
10389	15	31	14
10390	233	31	14
10391	16	31	14
10392	17	31	14
10393	24	31	15
10394	5	31	15
10395	23	31	15
10396	27	31	15
10397	66	31	15
10398	14	31	15
10399	204	31	15
10400	9	31	15
10401	232	31	15
10402	72	31	15
10403	45	31	15
10404	53	31	15
10405	174	31	15
10406	77	31	15
10407	80	31	15
10408	25	31	15
10409	84	31	15
10410	37	31	15
10411	11	31	15
10412	28	31	15
10413	33	31	15
10414	38	31	15
10415	227	31	15
10416	26	31	15
10417	113	31	15
10418	92	31	15
10419	4	31	15
10420	30	31	15
10421	15	31	15
10422	233	31	15
10423	16	31	15
10424	17	31	15
10425	24	31	16
10426	5	31	16
10427	23	31	16
10428	27	31	16
10429	66	31	16
10430	14	31	16
10431	204	31	16
10432	9	31	16
10433	232	31	16
10434	72	31	16
10435	45	31	16
10436	53	31	16
10437	174	31	16
10438	77	31	16
10439	80	31	16
10440	25	31	16
10441	84	31	16
10442	37	31	16
10443	11	31	16
10444	28	31	16
10445	33	31	16
10446	38	31	16
10447	227	31	16
10448	26	31	16
10449	113	31	16
10450	92	31	16
10451	4	31	16
10452	30	31	16
10453	15	31	16
10454	233	31	16
10455	16	31	16
10456	17	31	16
10457	24	31	17
10458	5	31	17
10459	23	31	17
10460	27	31	17
10461	66	31	17
10462	14	31	17
10463	204	31	17
10464	9	31	17
10465	232	31	17
10466	72	31	17
10467	45	31	17
10468	53	31	17
10469	174	31	17
10470	77	31	17
10471	80	31	17
10472	25	31	17
10473	84	31	17
10474	37	31	17
10475	11	31	17
10476	28	31	17
10477	33	31	17
10478	38	31	17
10479	227	31	17
10480	26	31	17
10481	113	31	17
10482	92	31	17
10483	4	31	17
10484	30	31	17
10485	15	31	17
10486	233	31	17
10487	16	31	17
10488	17	31	17
10489	24	31	18
10490	5	31	18
10491	23	31	18
10492	27	31	18
10493	66	31	18
10494	14	31	18
10495	204	31	18
10496	9	31	18
10497	232	31	18
10498	72	31	18
10499	45	31	18
10500	53	31	18
10501	174	31	18
10502	77	31	18
10503	80	31	18
10504	25	31	18
10505	84	31	18
10506	37	31	18
10507	11	31	18
10508	28	31	18
10509	33	31	18
10510	38	31	18
10511	227	31	18
10512	26	31	18
10513	113	31	18
10514	92	31	18
10515	4	31	18
10516	30	31	18
10517	15	31	18
10518	233	31	18
10519	16	31	18
10520	17	31	18
10521	5	31	19
10522	73	31	19
10523	5	31	20
10524	73	31	20
10525	5	31	21
10526	73	31	21
10527	5	31	22
10528	73	31	22
10529	5	31	23
10530	73	31	23
10531	5	31	24
10532	73	31	24
10533	52	32	8
10534	92	32	8
10535	52	32	9
10536	92	32	9
10537	52	32	10
10538	66	32	10
10539	11	32	10
10540	92	32	10
10541	4	32	10
10542	52	32	11
10543	5	32	11
10544	55	32	11
10545	66	32	11
10546	11	32	11
10547	7	32	11
10548	92	32	11
10549	4	32	11
10550	52	32	12
10551	8	32	12
10552	24	32	12
10553	5	32	12
10554	55	32	12
10555	66	32	12
10556	14	32	12
10557	37	32	12
10558	11	32	12
10559	12	32	12
10560	7	32	12
10561	92	32	12
10562	6	32	12
10563	4	32	12
10564	54	32	13
10565	8	32	13
10566	24	32	13
10567	5	32	13
10568	66	32	13
10569	14	32	13
10570	9	32	13
10571	234	32	13
10572	53	32	13
10573	19	32	13
10574	56	32	13
10575	37	32	13
10576	10	32	13
10577	11	32	13
10578	50	32	13
10579	12	32	13
10580	33	32	13
10581	7	32	13
10582	6	32	13
10583	15	32	13
10584	16	32	13
10585	21	32	14
10586	54	32	14
10587	8	32	14
10588	24	32	14
10589	5	32	14
10590	66	32	14
10591	14	32	14
10592	9	32	14
10593	234	32	14
10594	53	32	14
10595	19	32	14
10596	56	32	14
10597	20	32	14
10598	37	32	14
10599	10	32	14
10600	50	32	14
10601	12	32	14
10602	33	32	14
10603	7	32	14
10604	6	32	14
10605	15	32	14
10606	16	32	14
10607	21	32	15
10608	54	32	15
10609	8	32	15
10610	24	32	15
10611	5	32	15
10612	66	32	15
10613	14	32	15
10614	9	32	15
10615	234	32	15
10616	53	32	15
10617	19	32	15
10618	56	32	15
10619	20	32	15
10620	37	32	15
10621	10	32	15
10622	48	32	15
10623	50	32	15
10624	12	32	15
10625	33	32	15
10626	7	32	15
10627	6	32	15
10628	15	32	15
10629	16	32	15
10630	21	32	16
10631	24	32	16
10632	5	32	16
10633	66	32	16
10634	14	32	16
10635	9	32	16
10636	234	32	16
10637	53	32	16
10638	119	32	16
10639	19	32	16
10640	56	32	16
10641	20	32	16
10642	37	32	16
10643	10	32	16
10644	48	32	16
10645	50	32	16
10646	12	32	16
10647	33	32	16
10648	7	32	16
10649	6	32	16
10650	15	32	16
10651	16	32	16
10652	21	32	17
10653	24	32	17
10654	5	32	17
10655	27	32	17
10656	66	32	17
10657	14	32	17
10658	9	32	17
10659	234	32	17
10660	53	32	17
10661	119	32	17
10662	19	32	17
10663	56	32	17
10664	20	32	17
10665	37	32	17
10666	10	32	17
10667	48	32	17
10668	50	32	17
10669	12	32	17
10670	33	32	17
10671	6	32	17
10672	15	32	17
10673	16	32	17
10674	21	32	18
10675	24	32	18
10676	5	32	18
10677	27	32	18
10678	66	32	18
10679	9	32	18
10680	234	32	18
10681	53	32	18
10682	119	32	18
10683	19	32	18
10684	20	32	18
10685	37	32	18
10686	50	32	18
10687	12	32	18
10688	22	32	18
10689	33	32	18
10690	6	32	18
10691	15	32	18
10692	16	32	18
10693	21	32	19
10694	24	32	19
10695	5	32	19
10696	27	32	19
10697	66	32	19
10698	9	32	19
10699	19	32	19
10700	20	32	19
10701	50	32	19
10702	12	32	19
10703	22	32	19
10704	16	32	19
10705	21	32	20
10706	24	32	20
10707	5	32	20
10708	27	32	20
10709	66	32	20
10710	19	32	20
10711	50	32	20
10712	22	32	20
10713	24	32	21
10714	5	32	21
10715	27	32	21
10716	66	32	21
10717	50	32	21
10718	24	32	22
10719	27	32	22
10720	27	32	23
10721	2	33	1
10722	2	33	2
10723	25	33	5
10724	28	33	5
10725	178	33	5
10726	25	33	6
10727	28	33	6
10728	178	33	6
10729	34	33	7
10730	41	33	7
10731	1	33	7
10732	25	33	7
10733	37	33	7
10734	11	33	7
10735	28	33	7
10736	178	33	7
10737	40	33	7
10738	34	33	8
10739	41	33	8
10740	1	33	8
10741	25	33	8
10742	37	33	8
10743	11	33	8
10744	28	33	8
10745	178	33	8
10746	40	33	8
10747	34	33	9
10748	24	33	9
10749	41	33	9
10750	27	33	9
10751	14	33	9
10752	45	33	9
10753	1	33	9
10754	25	33	9
10755	37	33	9
10756	11	33	9
10757	111	33	9
10758	12	33	9
10759	28	33	9
10760	4	33	9
10761	30	33	9
10762	178	33	9
10763	40	33	9
10764	34	33	10
10765	24	33	10
10766	41	33	10
10767	27	33	10
10768	14	33	10
10769	45	33	10
10770	1	33	10
10771	25	33	10
10772	37	33	10
10773	11	33	10
10774	111	33	10
10775	12	33	10
10776	28	33	10
10777	4	33	10
10778	30	33	10
10779	178	33	10
10780	40	33	10
10781	34	33	11
10782	54	33	11
10783	8	33	11
10784	24	33	11
10785	27	33	11
10786	14	33	11
10787	45	33	11
10788	1	33	11
10789	25	33	11
10790	20	33	11
10791	37	33	11
10792	10	33	11
10793	111	33	11
10794	12	33	11
10795	4	33	11
10796	30	33	11
10797	15	33	11
10798	178	33	11
10799	16	33	11
10800	17	33	11
10801	34	33	12
10802	54	33	12
10803	8	33	12
10804	24	33	12
10805	27	33	12
10806	14	33	12
10807	45	33	12
10808	1	33	12
10809	25	33	12
10810	20	33	12
10811	37	33	12
10812	10	33	12
10813	111	33	12
10814	12	33	12
10815	4	33	12
10816	30	33	12
10817	15	33	12
10818	178	33	12
10819	16	33	12
10820	17	33	12
10821	21	33	13
10822	34	33	13
10823	54	33	13
10824	8	33	13
10825	18	33	13
10826	14	33	13
10827	45	33	13
10828	25	33	13
10829	20	33	13
10830	37	33	13
10831	10	33	13
10832	50	33	13
10833	111	33	13
10834	12	33	13
10835	22	33	13
10836	30	33	13
10837	15	33	13
10838	16	33	13
10839	17	33	13
10840	43	33	13
10841	21	33	14
10842	34	33	14
10843	54	33	14
10844	8	33	14
10845	18	33	14
10846	14	33	14
10847	45	33	14
10848	25	33	14
10849	20	33	14
10850	37	33	14
10851	10	33	14
10852	50	33	14
10853	111	33	14
10854	12	33	14
10855	22	33	14
10856	30	33	14
10857	15	33	14
10858	16	33	14
10859	17	33	14
10860	43	33	14
10861	21	33	15
10862	34	33	15
10863	18	33	15
10864	14	33	15
10865	20	33	15
10866	10	33	15
10867	48	33	15
10868	50	33	15
10869	22	33	15
10870	30	33	15
10871	15	33	15
10872	16	33	15
10873	17	33	15
10874	43	33	15
10875	21	33	16
10876	34	33	16
10877	18	33	16
10878	14	33	16
10879	20	33	16
10880	10	33	16
10881	48	33	16
10882	50	33	16
10883	22	33	16
10884	30	33	16
10885	15	33	16
10886	16	33	16
10887	17	33	16
10888	43	33	16
10889	21	33	17
10890	34	33	17
10891	18	33	17
10892	14	33	17
10893	20	33	17
10894	10	33	17
10895	48	33	17
10896	50	33	17
10897	22	33	17
10898	28	33	17
10899	30	33	17
10900	16	33	17
10901	17	33	17
10902	43	33	17
10903	21	33	18
10904	34	33	18
10905	18	33	18
10906	14	33	18
10907	20	33	18
10908	10	33	18
10909	48	33	18
10910	50	33	18
10911	22	33	18
10912	28	33	18
10913	30	33	18
10914	16	33	18
10915	17	33	18
10916	43	33	18
10917	21	33	19
10918	34	33	19
10919	24	33	19
10920	41	33	19
10921	18	33	19
10922	27	33	19
10923	14	33	19
10924	45	33	19
10925	1	33	19
10926	25	33	19
10927	48	33	19
10928	11	33	19
10929	2	33	19
10930	50	33	19
10931	22	33	19
10932	28	33	19
10933	30	33	19
10934	178	33	19
10935	16	33	19
10936	40	33	19
10937	17	33	19
10938	43	33	19
10939	21	33	20
10940	34	33	20
10941	24	33	20
10942	41	33	20
10943	18	33	20
10944	27	33	20
10945	14	33	20
10946	45	33	20
10947	1	33	20
10948	25	33	20
10949	48	33	20
10950	11	33	20
10951	2	33	20
10952	50	33	20
10953	22	33	20
10954	28	33	20
10955	30	33	20
10956	178	33	20
10957	16	33	20
10958	40	33	20
10959	17	33	20
10960	43	33	20
10961	34	33	21
10962	41	33	21
10963	1	33	21
10964	48	33	21
10965	2	33	21
10966	50	33	21
10967	12	33	21
10968	22	33	21
10969	28	33	21
10970	178	33	21
10971	40	33	21
10972	43	33	21
10973	34	33	22
10974	41	33	22
10975	1	33	22
10976	48	33	22
10977	2	33	22
10978	50	33	22
10979	12	33	22
10980	22	33	22
10981	28	33	22
10982	178	33	22
10983	40	33	22
10984	43	33	22
10985	34	33	23
10986	41	33	23
10987	2	33	23
10988	12	33	23
10989	34	33	24
10990	41	33	24
10991	2	33	24
10992	12	33	24
10993	38	34	7
10994	38	34	8
10995	52	34	9
10996	38	34	9
10997	52	34	10
10998	38	34	10
10999	52	34	11
11000	106	34	11
11001	55	34	11
11002	1	34	11
11003	53	34	11
11004	38	34	11
11005	4	34	11
11006	52	34	12
11007	106	34	12
11008	55	34	12
11009	1	34	12
11010	53	34	12
11011	33	34	12
11012	38	34	12
11013	4	34	12
11014	103	34	13
11015	52	34	13
11016	31	34	13
11017	34	34	13
11018	54	34	13
11019	8	34	13
11020	106	34	13
11021	24	34	13
11022	5	34	13
11023	23	34	13
11024	35	34	13
11025	55	34	13
11026	14	34	13
11027	9	34	13
11028	42	34	13
11029	1	34	13
11030	53	34	13
11031	56	34	13
11032	10	34	13
11033	11	34	13
11034	33	34	13
11035	38	34	13
11036	4	34	13
11037	30	34	13
11038	16	34	13
11039	21	34	14
11040	103	34	14
11041	52	34	14
11042	31	34	14
11043	34	34	14
11044	54	34	14
11045	8	34	14
11046	106	34	14
11047	24	34	14
11048	5	34	14
11049	23	34	14
11050	35	34	14
11051	55	34	14
11052	14	34	14
11053	9	34	14
11054	42	34	14
11055	1	34	14
11056	53	34	14
11057	56	34	14
11058	10	34	14
11059	11	34	14
11060	33	34	14
11061	38	34	14
11062	4	34	14
11063	30	34	14
11064	16	34	14
11065	21	34	15
11066	103	34	15
11067	57	34	15
11068	31	34	15
11069	34	34	15
11070	54	34	15
11071	8	34	15
11072	24	34	15
11073	5	34	15
11074	18	34	15
11075	23	34	15
11076	35	34	15
11077	14	34	15
11078	9	34	15
11079	42	34	15
11080	1	34	15
11081	53	34	15
11082	56	34	15
11083	10	34	15
11084	48	34	15
11085	11	34	15
11086	50	34	15
11087	12	34	15
11088	33	34	15
11089	30	34	15
11090	15	34	15
11091	16	34	15
11092	43	34	15
11093	21	34	16
11094	103	34	16
11095	57	34	16
11096	31	34	16
11097	34	34	16
11098	54	34	16
11099	8	34	16
11100	24	34	16
11101	5	34	16
11102	18	34	16
11103	23	34	16
11104	35	34	16
11105	14	34	16
11106	9	34	16
11107	42	34	16
11108	1	34	16
11109	53	34	16
11110	56	34	16
11111	10	34	16
11112	48	34	16
11113	11	34	16
11114	50	34	16
11115	12	34	16
11116	33	34	16
11117	30	34	16
11118	15	34	16
11119	16	34	16
11120	43	34	16
11121	21	34	17
11122	57	34	17
11123	31	34	17
11124	34	34	17
11125	54	34	17
11126	8	34	17
11127	24	34	17
11128	41	34	17
11129	5	34	17
11130	18	34	17
11131	23	34	17
11132	14	34	17
11133	9	34	17
11134	1	34	17
11135	53	34	17
11136	56	34	17
11137	10	34	17
11138	48	34	17
11139	50	34	17
11140	12	34	17
11141	22	34	17
11142	33	34	17
11143	30	34	17
11144	15	34	17
11145	16	34	17
11146	43	34	17
11147	21	34	18
11148	57	34	18
11149	31	34	18
11150	34	34	18
11151	54	34	18
11152	8	34	18
11153	24	34	18
11154	41	34	18
11155	5	34	18
11156	18	34	18
11157	23	34	18
11158	14	34	18
11159	9	34	18
11160	1	34	18
11161	53	34	18
11162	56	34	18
11163	10	34	18
11164	48	34	18
11165	50	34	18
11166	12	34	18
11167	22	34	18
11168	33	34	18
11169	30	34	18
11170	15	34	18
11171	16	34	18
11172	43	34	18
11173	21	34	19
11174	57	34	19
11175	24	34	19
11176	41	34	19
11177	5	34	19
11178	23	34	19
11179	1	34	19
11180	53	34	19
11181	48	34	19
11182	50	34	19
11183	12	34	19
11184	22	34	19
11185	15	34	19
11186	16	34	19
11187	43	34	19
11188	21	34	20
11189	57	34	20
11190	24	34	20
11191	41	34	20
11192	5	34	20
11193	23	34	20
11194	1	34	20
11195	53	34	20
11196	50	34	20
11197	12	34	20
11198	22	34	20
11199	15	34	20
11200	16	34	20
11201	43	34	20
11202	21	34	21
11203	41	34	21
11204	5	34	21
11205	23	34	21
11206	12	34	21
11207	21	34	22
11208	41	34	22
11209	5	34	22
11210	23	34	22
11211	12	34	22
11212	12	34	23
11213	12	34	24
11214	35	35	1
11215	25	35	1
11216	12	35	1
11217	40	35	1
11218	35	35	2
11219	25	35	2
11220	12	35	2
11221	40	35	2
11222	35	35	3
11223	25	35	3
11224	12	35	3
11225	40	35	3
11226	35	35	4
11227	25	35	4
11228	12	35	4
11229	40	35	4
11230	25	35	5
11231	12	35	5
11232	25	35	6
11233	12	35	6
11234	52	35	7
11235	25	35	7
11236	16	35	7
11237	52	35	8
11238	25	35	8
11239	16	35	8
11240	52	35	9
11241	25	35	9
11242	11	35	9
11243	92	35	9
11244	16	35	9
11245	52	35	10
11246	25	35	10
11247	11	35	10
11248	92	35	10
11249	16	35	10
11250	52	35	11
11251	24	35	11
11252	5	35	11
11253	27	35	11
11254	35	35	11
11255	25	35	11
11256	11	35	11
11257	92	35	11
11258	30	35	11
11259	16	35	11
11260	52	35	12
11261	24	35	12
11262	5	35	12
11263	27	35	12
11264	35	35	12
11265	25	35	12
11266	11	35	12
11267	92	35	12
11268	30	35	12
11269	16	35	12
11270	34	35	13
11271	24	35	13
11272	5	35	13
11273	18	35	13
11274	23	35	13
11275	27	35	13
11276	35	35	13
11277	14	35	13
11278	9	35	13
11279	25	35	13
11280	19	35	13
11281	50	35	13
11282	7	35	13
11283	30	35	13
11284	15	35	13
11285	16	35	13
11286	17	35	13
11287	34	35	14
11288	24	35	14
11289	5	35	14
11290	18	35	14
11291	23	35	14
11292	27	35	14
11293	35	35	14
11294	14	35	14
11295	9	35	14
11296	25	35	14
11297	19	35	14
11298	50	35	14
11299	7	35	14
11300	30	35	14
11301	15	35	14
11302	16	35	14
11303	17	35	14
11304	34	35	15
11305	5	35	15
11306	18	35	15
11307	23	35	15
11308	35	35	15
11309	14	35	15
11310	9	35	15
11311	25	35	15
11312	19	35	15
11313	50	35	15
11314	12	35	15
11315	7	35	15
11316	30	35	15
11317	15	35	15
11318	16	35	15
11319	40	35	15
11320	17	35	15
11321	34	35	16
11322	5	35	16
11323	18	35	16
11324	23	35	16
11325	35	35	16
11326	14	35	16
11327	9	35	16
11328	25	35	16
11329	19	35	16
11330	50	35	16
11331	12	35	16
11332	7	35	16
11333	30	35	16
11334	15	35	16
11335	16	35	16
11336	40	35	16
11337	17	35	16
11338	34	35	17
11339	24	35	17
11340	41	35	17
11341	5	35	17
11342	18	35	17
11343	23	35	17
11344	27	35	17
11345	35	35	17
11346	14	35	17
11347	9	35	17
11348	25	35	17
11349	19	35	17
11350	50	35	17
11351	12	35	17
11352	22	35	17
11353	7	35	17
11354	92	35	17
11355	30	35	17
11356	15	35	17
11357	16	35	17
11358	40	35	17
11359	17	35	17
11360	43	35	17
11361	34	35	18
11362	24	35	18
11363	41	35	18
11364	5	35	18
11365	18	35	18
11366	23	35	18
11367	27	35	18
11368	35	35	18
11369	14	35	18
11370	9	35	18
11371	25	35	18
11372	19	35	18
11373	50	35	18
11374	12	35	18
11375	22	35	18
11376	7	35	18
11377	92	35	18
11378	30	35	18
11379	15	35	18
11380	16	35	18
11381	40	35	18
11382	17	35	18
11383	43	35	18
11384	34	35	19
11385	24	35	19
11386	41	35	19
11387	5	35	19
11388	23	35	19
11389	27	35	19
11390	35	35	19
11391	9	35	19
11392	25	35	19
11393	19	35	19
11394	50	35	19
11395	12	35	19
11396	22	35	19
11397	7	35	19
11398	92	35	19
11399	30	35	19
11400	15	35	19
11401	16	35	19
11402	40	35	19
11403	17	35	19
11404	43	35	19
11405	34	35	20
11406	24	35	20
11407	41	35	20
11408	5	35	20
11409	23	35	20
11410	27	35	20
11411	35	35	20
11412	9	35	20
11413	25	35	20
11414	19	35	20
11415	50	35	20
11416	12	35	20
11417	22	35	20
11418	7	35	20
11419	92	35	20
11420	30	35	20
11421	15	35	20
11422	16	35	20
11423	40	35	20
11424	17	35	20
11425	43	35	20
11426	34	35	21
11427	24	35	21
11428	41	35	21
11429	5	35	21
11430	23	35	21
11431	27	35	21
11432	35	35	21
11433	25	35	21
11434	12	35	21
11435	22	35	21
11436	16	35	21
11437	40	35	21
11438	43	35	21
11439	34	35	22
11440	24	35	22
11441	41	35	22
11442	5	35	22
11443	23	35	22
11444	27	35	22
11445	35	35	22
11446	25	35	22
11447	12	35	22
11448	22	35	22
11449	16	35	22
11450	40	35	22
11451	43	35	22
11452	34	35	23
11453	41	35	23
11454	5	35	23
11455	23	35	23
11456	35	35	23
11457	25	35	23
11458	12	35	23
11459	22	35	23
11460	16	35	23
11461	40	35	23
11462	43	35	23
11463	34	35	24
11464	41	35	24
11465	5	35	24
11466	23	35	24
11467	35	35	24
11468	25	35	24
11469	12	35	24
11470	22	35	24
11471	16	35	24
11472	40	35	24
11473	43	35	24
11474	21	36	1
11475	34	36	1
11476	24	36	1
11477	41	36	1
11478	5	36	1
11479	23	36	1
11480	27	36	1
11481	203	36	1
11482	66	36	1
11483	194	36	1
11484	72	36	1
11485	235	36	1
11486	73	36	1
11487	77	36	1
11488	236	36	1
11489	80	36	1
11490	84	36	1
11491	37	36	1
11492	88	36	1
11493	12	36	1
11494	113	36	1
11495	3	36	1
11496	43	36	1
11497	21	36	2
11498	41	36	2
11499	5	36	2
11500	23	36	2
11501	27	36	2
11502	203	36	2
11503	66	36	2
11504	194	36	2
11505	72	36	2
11506	235	36	2
11507	73	36	2
11508	77	36	2
11509	236	36	2
11510	80	36	2
11511	84	36	2
11512	37	36	2
11513	88	36	2
11514	12	36	2
11515	113	36	2
11516	3	36	2
11517	43	36	2
11518	21	36	3
11519	41	36	3
11520	5	36	3
11521	23	36	3
11522	203	36	3
11523	66	36	3
11524	194	36	3
11525	72	36	3
11526	235	36	3
11527	73	36	3
11528	77	36	3
11529	236	36	3
11530	80	36	3
11531	84	36	3
11532	37	36	3
11533	88	36	3
11534	12	36	3
11535	113	36	3
11536	43	36	3
11537	21	36	4
11538	41	36	4
11539	5	36	4
11540	23	36	4
11541	203	36	4
11542	66	36	4
11543	194	36	4
11544	72	36	4
11545	235	36	4
11546	73	36	4
11547	77	36	4
11548	236	36	4
11549	84	36	4
11550	37	36	4
11551	88	36	4
11552	12	36	4
11553	113	36	4
11554	43	36	4
11555	21	36	5
11556	41	36	5
11557	23	36	5
11558	66	36	5
11559	194	36	5
11560	72	36	5
11561	235	36	5
11562	73	36	5
11563	77	36	5
11564	236	36	5
11565	84	36	5
11566	37	36	5
11567	88	36	5
11568	12	36	5
11569	113	36	5
11570	43	36	5
11571	21	36	6
11572	41	36	6
11573	23	36	6
11574	66	36	6
11575	194	36	6
11576	72	36	6
11577	235	36	6
11578	73	36	6
11579	77	36	6
11580	236	36	6
11581	84	36	6
11582	37	36	6
11583	88	36	6
11584	12	36	6
11585	113	36	6
11586	21	36	7
11587	23	36	7
11588	66	36	7
11589	194	36	7
11590	72	36	7
11591	235	36	7
11592	73	36	7
11593	77	36	7
11594	236	36	7
11595	25	36	7
11596	84	36	7
11597	37	36	7
11598	88	36	7
11599	12	36	7
11600	113	36	7
11601	21	36	8
11602	52	36	8
11603	23	36	8
11604	66	36	8
11605	194	36	8
11606	72	36	8
11607	235	36	8
11608	73	36	8
11609	77	36	8
11610	236	36	8
11611	25	36	8
11612	84	36	8
11613	37	36	8
11614	183	36	8
11615	88	36	8
11616	12	36	8
11617	113	36	8
11618	21	36	9
11619	52	36	9
11620	206	36	9
11621	66	36	9
11622	194	36	9
11623	235	36	9
11624	73	36	9
11625	77	36	9
11626	236	36	9
11627	237	36	9
11628	25	36	9
11629	84	36	9
11630	37	36	9
11631	183	36	9
11632	38	36	9
11633	227	36	9
11634	26	36	9
11635	113	36	9
11636	21	36	10
11637	98	36	10
11638	52	36	10
11639	206	36	10
11640	66	36	10
11641	194	36	10
11642	235	36	10
11643	73	36	10
11644	77	36	10
11645	236	36	10
11646	80	36	10
11647	237	36	10
11648	25	36	10
11649	84	36	10
11650	37	36	10
11651	183	36	10
11652	28	36	10
11653	38	36	10
11654	227	36	10
11655	26	36	10
11656	113	36	10
11657	92	36	10
11658	4	36	10
11659	21	36	11
11660	98	36	11
11661	52	36	11
11662	62	36	11
11663	24	36	11
11664	238	36	11
11665	23	36	11
11666	239	36	11
11667	206	36	11
11668	207	36	11
11669	194	36	11
11670	209	36	11
11671	71	36	11
11672	235	36	11
11673	73	36	11
11674	77	36	11
11675	100	36	11
11676	236	36	11
11677	80	36	11
11678	237	36	11
11679	25	36	11
11680	216	36	11
11681	84	36	11
11682	211	36	11
11683	183	36	11
11684	11	36	11
11685	28	36	11
11686	38	36	11
11687	240	36	11
11688	212	36	11
11689	227	36	11
11690	26	36	11
11691	92	36	11
11692	4	36	11
11693	168	36	11
11694	241	36	11
11695	242	36	11
11696	21	36	12
11697	98	36	12
11698	52	36	12
11699	105	36	12
11700	34	36	12
11701	62	36	12
11702	24	36	12
11703	238	36	12
11704	5	36	12
11705	23	36	12
11706	64	36	12
11707	239	36	12
11708	206	36	12
11709	207	36	12
11710	66	36	12
11711	194	36	12
11712	209	36	12
11713	71	36	12
11714	235	36	12
11715	42	36	12
11716	73	36	12
11717	77	36	12
11718	100	36	12
11719	236	36	12
11720	80	36	12
11721	237	36	12
11722	25	36	12
11723	216	36	12
11724	84	36	12
11725	211	36	12
11726	183	36	12
11727	11	36	12
11728	28	36	12
11729	33	36	12
11730	38	36	12
11731	240	36	12
11732	212	36	12
11733	227	36	12
11734	26	36	12
11735	92	36	12
11736	4	36	12
11737	168	36	12
11738	30	36	12
11739	241	36	12
11740	242	36	12
11741	117	36	12
11742	16	36	12
11743	156	36	12
11744	21	36	13
11745	98	36	13
11746	105	36	13
11747	34	36	13
11748	62	36	13
11749	24	36	13
11750	238	36	13
11751	5	36	13
11752	23	36	13
11753	27	36	13
11754	35	36	13
11755	64	36	13
11756	55	36	13
11757	239	36	13
11758	206	36	13
11759	207	36	13
11760	66	36	13
11761	115	36	13
11762	194	36	13
11763	14	36	13
11764	32	36	13
11765	209	36	13
11766	9	36	13
11767	71	36	13
11768	72	36	13
11769	235	36	13
11770	42	36	13
11771	73	36	13
11772	77	36	13
11773	100	36	13
11774	236	36	13
11775	80	36	13
11776	237	36	13
11777	25	36	13
11778	216	36	13
11779	84	36	13
11780	211	36	13
11781	183	36	13
11782	88	36	13
11783	11	36	13
11784	12	36	13
11785	28	36	13
11786	33	36	13
11787	38	36	13
11788	240	36	13
11789	212	36	13
11790	227	36	13
11791	26	36	13
11792	92	36	13
11793	4	36	13
11794	168	36	13
11795	30	36	13
11796	241	36	13
11797	242	36	13
11798	117	36	13
11799	16	36	13
11800	40	36	13
11801	17	36	13
11802	43	36	13
11803	156	36	13
11804	21	36	14
11805	98	36	14
11806	105	36	14
11807	34	36	14
11808	54	36	14
11809	8	36	14
11810	62	36	14
11811	24	36	14
11812	238	36	14
11813	5	36	14
11814	23	36	14
11815	27	36	14
11816	35	36	14
11817	64	36	14
11818	55	36	14
11819	137	36	14
11820	239	36	14
11821	206	36	14
11822	207	36	14
11823	66	36	14
11824	115	36	14
11825	194	36	14
11826	14	36	14
11827	32	36	14
11828	209	36	14
11829	9	36	14
11830	71	36	14
11831	72	36	14
11832	235	36	14
11833	42	36	14
11834	73	36	14
11835	77	36	14
11836	100	36	14
11837	236	36	14
11838	80	36	14
11839	237	36	14
11840	25	36	14
11841	216	36	14
11842	84	36	14
11843	56	36	14
11844	20	36	14
11845	37	36	14
11846	211	36	14
11847	183	36	14
11848	88	36	14
11849	10	36	14
11850	11	36	14
11851	50	36	14
11852	12	36	14
11853	28	36	14
11854	38	36	14
11855	240	36	14
11856	212	36	14
11857	227	36	14
11858	26	36	14
11859	113	36	14
11860	168	36	14
11861	30	36	14
11862	241	36	14
11863	242	36	14
11864	117	36	14
11865	16	36	14
11866	40	36	14
11867	17	36	14
11868	43	36	14
11869	156	36	14
11870	21	36	15
11871	103	36	15
11872	98	36	15
11873	105	36	15
11874	34	36	15
11875	54	36	15
11876	8	36	15
11877	62	36	15
11878	24	36	15
11879	238	36	15
11880	41	36	15
11881	5	36	15
11882	18	36	15
11883	23	36	15
11884	27	36	15
11885	35	36	15
11886	64	36	15
11887	137	36	15
11888	239	36	15
11889	206	36	15
11890	207	36	15
11891	66	36	15
11892	115	36	15
11893	194	36	15
11894	14	36	15
11895	32	36	15
11896	209	36	15
11897	9	36	15
11898	71	36	15
11899	72	36	15
11900	235	36	15
11901	42	36	15
11902	73	36	15
11903	143	36	15
11904	77	36	15
11905	100	36	15
11906	236	36	15
11907	80	36	15
11908	237	36	15
11909	25	36	15
11910	216	36	15
11911	84	36	15
11912	56	36	15
11913	20	36	15
11914	37	36	15
11915	211	36	15
11916	183	36	15
11917	88	36	15
11918	10	36	15
11919	48	36	15
11920	50	36	15
11921	111	36	15
11922	12	36	15
11923	28	36	15
11924	38	36	15
11925	240	36	15
11926	212	36	15
11927	227	36	15
11928	26	36	15
11929	113	36	15
11930	168	36	15
11931	30	36	15
11932	3	36	15
11933	241	36	15
11934	242	36	15
11935	117	36	15
11936	16	36	15
11937	40	36	15
11938	17	36	15
11939	43	36	15
11940	156	36	15
11941	21	36	16
11942	103	36	16
11943	98	36	16
11944	105	36	16
11945	34	36	16
11946	8	36	16
11947	62	36	16
11948	24	36	16
11949	238	36	16
11950	41	36	16
11951	5	36	16
11952	18	36	16
11953	23	36	16
11954	27	36	16
11955	203	36	16
11956	35	36	16
11957	64	36	16
11958	137	36	16
11959	239	36	16
11960	206	36	16
11961	207	36	16
11962	66	36	16
11963	115	36	16
11964	194	36	16
11965	14	36	16
11966	32	36	16
11967	209	36	16
11968	243	36	16
11969	9	36	16
11970	71	36	16
11971	72	36	16
11972	235	36	16
11973	73	36	16
11974	143	36	16
11975	77	36	16
11976	100	36	16
11977	236	36	16
11978	80	36	16
11979	237	36	16
11980	25	36	16
11981	216	36	16
11982	84	36	16
11983	56	36	16
11984	20	36	16
11985	37	36	16
11986	211	36	16
11987	183	36	16
11988	88	36	16
11989	10	36	16
11990	48	36	16
11991	50	36	16
11992	111	36	16
11993	12	36	16
11994	22	36	16
11995	28	36	16
11996	38	36	16
11997	244	36	16
11998	240	36	16
11999	39	36	16
12000	212	36	16
12001	227	36	16
12002	26	36	16
12003	113	36	16
12004	92	36	16
12005	168	36	16
12006	30	36	16
12007	3	36	16
12008	241	36	16
12009	242	36	16
12010	117	36	16
12011	16	36	16
12012	40	36	16
12013	17	36	16
12014	43	36	16
12015	156	36	16
12016	21	36	17
12017	103	36	17
12018	98	36	17
12019	105	36	17
12020	34	36	17
12021	8	36	17
12022	62	36	17
12023	24	36	17
12024	238	36	17
12025	41	36	17
12026	5	36	17
12027	18	36	17
12028	23	36	17
12029	27	36	17
12030	203	36	17
12031	35	36	17
12032	64	36	17
12033	137	36	17
12034	239	36	17
12035	206	36	17
12036	207	36	17
12037	66	36	17
12038	115	36	17
12039	194	36	17
12040	14	36	17
12041	209	36	17
12042	243	36	17
12043	9	36	17
12044	71	36	17
12045	72	36	17
12046	235	36	17
12047	73	36	17
12048	119	36	17
12049	143	36	17
12050	76	36	17
12051	77	36	17
12052	100	36	17
12053	236	36	17
12054	80	36	17
12055	237	36	17
12056	25	36	17
12057	216	36	17
12058	84	36	17
12059	56	36	17
12060	20	36	17
12061	37	36	17
12062	211	36	17
12063	183	36	17
12064	88	36	17
12065	10	36	17
12066	48	36	17
12067	50	36	17
12068	111	36	17
12069	12	36	17
12070	22	36	17
12071	28	36	17
12072	33	36	17
12073	38	36	17
12074	244	36	17
12075	240	36	17
12076	39	36	17
12077	212	36	17
12078	227	36	17
12079	26	36	17
12080	113	36	17
12081	92	36	17
12082	168	36	17
12083	30	36	17
12084	3	36	17
12085	241	36	17
12086	242	36	17
12087	117	36	17
12088	16	36	17
12089	40	36	17
12090	17	36	17
12091	43	36	17
12092	156	36	17
12093	21	36	18
12094	103	36	18
12095	98	36	18
12096	105	36	18
12097	34	36	18
12098	62	36	18
12099	24	36	18
12100	238	36	18
12101	41	36	18
12102	5	36	18
12103	18	36	18
12104	23	36	18
12105	27	36	18
12106	203	36	18
12107	35	36	18
12108	64	36	18
12109	137	36	18
12110	239	36	18
12111	206	36	18
12112	207	36	18
12113	66	36	18
12114	115	36	18
12115	194	36	18
12116	14	36	18
12117	209	36	18
12118	243	36	18
12119	9	36	18
12120	71	36	18
12121	72	36	18
12122	235	36	18
12123	73	36	18
12124	119	36	18
12125	245	36	18
12126	143	36	18
12127	76	36	18
12128	77	36	18
12129	100	36	18
12130	236	36	18
12131	80	36	18
12132	237	36	18
12133	25	36	18
12134	216	36	18
12135	84	36	18
12136	56	36	18
12137	20	36	18
12138	37	36	18
12139	211	36	18
12140	183	36	18
12141	88	36	18
12142	10	36	18
12143	48	36	18
12144	50	36	18
12145	111	36	18
12146	12	36	18
12147	22	36	18
12148	28	36	18
12149	33	36	18
12150	38	36	18
12151	244	36	18
12152	240	36	18
12153	39	36	18
12154	212	36	18
12155	227	36	18
12156	26	36	18
12157	113	36	18
12158	92	36	18
12159	168	36	18
12160	30	36	18
12161	3	36	18
12162	241	36	18
12163	242	36	18
12164	117	36	18
12165	16	36	18
12166	40	36	18
12167	17	36	18
12168	43	36	18
12169	156	36	18
12170	21	36	19
12171	98	36	19
12172	105	36	19
12173	34	36	19
12174	62	36	19
12175	24	36	19
12176	238	36	19
12177	41	36	19
12178	5	36	19
12179	18	36	19
12180	23	36	19
12181	27	36	19
12182	203	36	19
12183	35	36	19
12184	64	36	19
12185	137	36	19
12186	239	36	19
12187	206	36	19
12188	207	36	19
12189	66	36	19
12190	115	36	19
12191	194	36	19
12192	14	36	19
12193	209	36	19
12194	243	36	19
12195	9	36	19
12196	71	36	19
12197	72	36	19
12198	235	36	19
12199	73	36	19
12200	119	36	19
12201	245	36	19
12202	143	36	19
12203	76	36	19
12204	77	36	19
12205	100	36	19
12206	236	36	19
12207	80	36	19
12208	237	36	19
12209	25	36	19
12210	216	36	19
12211	84	36	19
12212	56	36	19
12213	37	36	19
12214	211	36	19
12215	183	36	19
12216	88	36	19
12217	246	36	19
12218	10	36	19
12219	48	36	19
12220	11	36	19
12221	50	36	19
12222	111	36	19
12223	12	36	19
12224	22	36	19
12225	123	36	19
12226	28	36	19
12227	33	36	19
12228	38	36	19
12229	244	36	19
12230	240	36	19
12231	39	36	19
12232	212	36	19
12233	227	36	19
12234	26	36	19
12235	113	36	19
12236	92	36	19
12237	168	36	19
12238	3	36	19
12239	241	36	19
12240	242	36	19
12241	117	36	19
12242	16	36	19
12243	40	36	19
12244	43	36	19
12245	156	36	19
12246	21	36	20
12247	98	36	20
12248	105	36	20
12249	34	36	20
12250	62	36	20
12251	24	36	20
12252	238	36	20
12253	41	36	20
12254	5	36	20
12255	23	36	20
12256	27	36	20
12257	203	36	20
12258	35	36	20
12259	64	36	20
12260	137	36	20
12261	239	36	20
12262	206	36	20
12263	207	36	20
12264	66	36	20
12265	115	36	20
12266	194	36	20
12267	14	36	20
12268	209	36	20
12269	243	36	20
12270	9	36	20
12271	71	36	20
12272	72	36	20
12273	235	36	20
12274	73	36	20
12275	119	36	20
12276	245	36	20
12277	76	36	20
12278	77	36	20
12279	100	36	20
12280	236	36	20
12281	80	36	20
12282	237	36	20
12283	25	36	20
12284	216	36	20
12285	84	36	20
12286	37	36	20
12287	211	36	20
12288	183	36	20
12289	88	36	20
12290	10	36	20
12291	48	36	20
12292	11	36	20
12293	50	36	20
12294	111	36	20
12295	12	36	20
12296	22	36	20
12297	123	36	20
12298	28	36	20
12299	38	36	20
12300	240	36	20
12301	39	36	20
12302	212	36	20
12303	227	36	20
12304	26	36	20
12305	113	36	20
12306	92	36	20
12307	168	36	20
12308	3	36	20
12309	241	36	20
12310	242	36	20
12311	117	36	20
12312	16	36	20
12313	40	36	20
12314	43	36	20
12315	156	36	20
12316	21	36	21
12317	98	36	21
12318	105	36	21
12319	34	36	21
12320	62	36	21
12321	24	36	21
12322	238	36	21
12323	41	36	21
12324	5	36	21
12325	23	36	21
12326	27	36	21
12327	203	36	21
12328	35	36	21
12329	64	36	21
12330	239	36	21
12331	206	36	21
12332	207	36	21
12333	66	36	21
12334	194	36	21
12335	209	36	21
12336	71	36	21
12337	72	36	21
12338	235	36	21
12339	73	36	21
12340	119	36	21
12341	245	36	21
12342	76	36	21
12343	77	36	21
12344	100	36	21
12345	236	36	21
12346	80	36	21
12347	25	36	21
12348	216	36	21
12349	84	36	21
12350	37	36	21
12351	211	36	21
12352	183	36	21
12353	88	36	21
12354	10	36	21
12355	48	36	21
12356	12	36	21
12357	22	36	21
12358	123	36	21
12359	28	36	21
12360	240	36	21
12361	39	36	21
12362	212	36	21
12363	227	36	21
12364	26	36	21
12365	113	36	21
12366	92	36	21
12367	168	36	21
12368	3	36	21
12369	241	36	21
12370	242	36	21
12371	16	36	21
12372	40	36	21
12373	43	36	21
12374	21	36	22
12375	98	36	22
12376	105	36	22
12377	34	36	22
12378	24	36	22
12379	238	36	22
12380	41	36	22
12381	5	36	22
12382	23	36	22
12383	27	36	22
12384	203	36	22
12385	64	36	22
12386	207	36	22
12387	66	36	22
12388	194	36	22
12389	209	36	22
12390	71	36	22
12391	72	36	22
12392	235	36	22
12393	73	36	22
12394	119	36	22
12395	245	36	22
12396	77	36	22
12397	100	36	22
12398	236	36	22
12399	80	36	22
12400	216	36	22
12401	84	36	22
12402	37	36	22
12403	211	36	22
12404	88	36	22
12405	10	36	22
12406	48	36	22
12407	12	36	22
12408	22	36	22
12409	123	36	22
12410	28	36	22
12411	240	36	22
12412	39	36	22
12413	212	36	22
12414	26	36	22
12415	113	36	22
12416	92	36	22
12417	3	36	22
12418	242	36	22
12419	40	36	22
12420	43	36	22
12421	21	36	23
12422	34	36	23
12423	24	36	23
12424	238	36	23
12425	41	36	23
12426	5	36	23
12427	23	36	23
12428	27	36	23
12429	203	36	23
12430	207	36	23
12431	66	36	23
12432	194	36	23
12433	72	36	23
12434	235	36	23
12435	73	36	23
12436	77	36	23
12437	100	36	23
12438	80	36	23
12439	84	36	23
12440	37	36	23
12441	88	36	23
12442	48	36	23
12443	12	36	23
12444	22	36	23
12445	123	36	23
12446	28	36	23
12447	240	36	23
12448	39	36	23
12449	212	36	23
12450	26	36	23
12451	113	36	23
12452	92	36	23
12453	3	36	23
12454	242	36	23
12455	40	36	23
12456	43	36	23
12457	21	36	24
12458	34	36	24
12459	24	36	24
12460	238	36	24
12461	41	36	24
12462	5	36	24
12463	23	36	24
12464	27	36	24
12465	203	36	24
12466	66	36	24
12467	194	36	24
12468	72	36	24
12469	235	36	24
12470	73	36	24
12471	77	36	24
12472	80	36	24
12473	84	36	24
12474	37	36	24
12475	88	36	24
12476	12	36	24
12477	22	36	24
12478	39	36	24
12479	113	36	24
12480	3	36	24
12481	43	36	24
12482	247	37	1
12483	247	37	2
12484	247	37	3
12485	247	37	4
12486	247	37	5
12487	26	37	5
12488	247	37	6
12489	26	37	6
12490	5	37	7
12491	247	37	7
12492	26	37	7
12493	5	37	8
12494	247	37	8
12495	26	37	8
12496	5	37	9
12497	18	37	9
12498	14	37	9
12499	247	37	9
12500	10	37	9
12501	26	37	9
12502	30	37	9
12503	15	37	9
12504	5	37	10
12505	18	37	10
12506	14	37	10
12507	247	37	10
12508	10	37	10
12509	26	37	10
12510	30	37	10
12511	15	37	10
12512	5	37	11
12513	18	37	11
12514	14	37	11
12515	247	37	11
12516	10	37	11
12517	50	37	11
12518	26	37	11
12519	30	37	11
12520	15	37	11
12521	16	37	11
12522	17	37	11
12523	5	37	12
12524	18	37	12
12525	14	37	12
12526	247	37	12
12527	10	37	12
12528	50	37	12
12529	26	37	12
12530	30	37	12
12531	15	37	12
12532	16	37	12
12533	17	37	12
12534	172	37	13
12535	18	37	13
12536	247	37	13
12537	10	37	13
12538	50	37	13
12539	26	37	13
12540	30	37	13
12541	15	37	13
12542	16	37	13
12543	17	37	13
12544	172	37	14
12545	18	37	14
12546	247	37	14
12547	10	37	14
12548	50	37	14
12549	26	37	14
12550	30	37	14
12551	15	37	14
12552	16	37	14
12553	17	37	14
12554	172	37	15
12555	18	37	15
12556	247	37	15
12557	10	37	15
12558	223	37	15
12559	50	37	15
12560	26	37	15
12561	30	37	15
12562	15	37	15
12563	3	37	15
12564	17	37	15
12565	172	37	16
12566	18	37	16
12567	247	37	16
12568	10	37	16
12569	223	37	16
12570	50	37	16
12571	26	37	16
12572	30	37	16
12573	15	37	16
12574	3	37	16
12575	17	37	16
12576	21	37	17
12577	172	37	17
12578	14	37	17
12579	247	37	17
12580	10	37	17
12581	223	37	17
12582	50	37	17
12583	26	37	17
12584	30	37	17
12585	3	37	17
12586	16	37	17
12587	21	37	18
12588	172	37	18
12589	14	37	18
12590	247	37	18
12591	10	37	18
12592	223	37	18
12593	50	37	18
12594	26	37	18
12595	30	37	18
12596	3	37	18
12597	16	37	18
12598	21	37	19
12599	172	37	19
12600	14	37	19
12601	247	37	19
12602	50	37	19
12603	26	37	19
12604	30	37	19
12605	3	37	19
12606	16	37	19
12607	21	37	20
12608	172	37	20
12609	14	37	20
12610	247	37	20
12611	50	37	20
12612	26	37	20
12613	30	37	20
12614	3	37	20
12615	16	37	20
12616	21	37	21
12617	172	37	21
12618	14	37	21
12619	247	37	21
12620	50	37	21
12621	26	37	21
12622	3	37	21
12623	16	37	21
12624	21	37	22
12625	172	37	22
12626	14	37	22
12627	247	37	22
12628	50	37	22
12629	26	37	22
12630	3	37	22
12631	16	37	22
12632	21	37	23
12633	247	37	23
12634	3	37	23
12635	21	37	24
12636	247	37	24
12637	3	37	24
12638	73	38	1
12639	53	38	1
12640	46	38	1
12641	248	38	1
12642	84	38	1
12643	249	38	1
12644	3	38	1
12645	73	38	2
12646	53	38	2
12647	46	38	2
12648	248	38	2
12649	84	38	2
12650	249	38	2
12651	3	38	2
12652	73	38	3
12653	53	38	3
12654	46	38	3
12655	248	38	3
12656	84	38	3
12657	249	38	3
12658	3	38	3
12659	73	38	4
12660	53	38	4
12661	46	38	4
12662	248	38	4
12663	84	38	4
12664	249	38	4
12665	3	38	4
12666	73	38	5
12667	53	38	5
12668	46	38	5
12669	248	38	5
12670	84	38	5
12671	249	38	5
12672	3	38	5
12673	73	38	6
12674	53	38	6
12675	46	38	6
12676	248	38	6
12677	84	38	6
12678	249	38	6
12679	3	38	6
12680	66	38	7
12681	73	38	7
12682	53	38	7
12683	46	38	7
12684	248	38	7
12685	84	38	7
12686	52	38	8
12687	66	38	8
12688	73	38	8
12689	1	38	8
12690	53	38	8
12691	46	38	8
12692	248	38	8
12693	84	38	8
12694	52	38	9
12695	24	38	9
12696	5	38	9
12697	23	38	9
12698	27	38	9
12699	66	38	9
12700	73	38	9
12701	1	38	9
12702	53	38	9
12703	46	38	9
12704	248	38	9
12705	77	38	9
12706	25	38	9
12707	84	38	9
12708	131	38	9
12709	37	38	9
12710	38	38	9
12711	29	38	9
12712	92	38	9
12713	4	38	9
12714	250	38	9
12715	52	38	10
12716	24	38	10
12717	5	38	10
12718	23	38	10
12719	27	38	10
12720	66	38	10
12721	73	38	10
12722	1	38	10
12723	53	38	10
12724	46	38	10
12725	248	38	10
12726	77	38	10
12727	25	38	10
12728	84	38	10
12729	131	38	10
12730	37	38	10
12731	33	38	10
12732	38	38	10
12733	29	38	10
12734	92	38	10
12735	4	38	10
12736	250	38	10
12737	54	38	11
12738	24	38	11
12739	5	38	11
12740	23	38	11
12741	27	38	11
12742	73	38	11
12743	1	38	11
12744	53	38	11
12745	46	38	11
12746	248	38	11
12747	77	38	11
12748	80	38	11
12749	25	38	11
12750	84	38	11
12751	131	38	11
12752	37	38	11
12753	10	38	11
12754	33	38	11
12755	38	38	11
12756	251	38	11
12757	29	38	11
12758	92	38	11
12759	6	38	11
12760	4	38	11
12761	250	38	11
12762	21	38	12
12763	54	38	12
12764	8	38	12
12765	106	38	12
12766	5	38	12
12767	18	38	12
12768	23	38	12
12769	55	38	12
12770	252	38	12
12771	14	38	12
12772	72	38	12
12773	42	38	12
12774	73	38	12
12775	1	38	12
12776	53	38	12
12777	46	38	12
12778	248	38	12
12779	77	38	12
12780	80	38	12
12781	25	38	12
12782	84	38	12
12783	131	38	12
12784	37	38	12
12785	10	38	12
12786	198	38	12
12787	33	38	12
12788	38	38	12
12789	251	38	12
12790	92	38	12
12791	6	38	12
12792	15	38	12
12793	16	38	12
12794	253	38	12
12795	21	38	13
12796	34	38	13
12797	13	38	13
12798	54	38	13
12799	8	38	13
12800	106	38	13
12801	5	38	13
12802	18	38	13
12803	55	38	13
12804	252	38	13
12805	14	38	13
12806	9	38	13
12807	72	38	13
12808	42	38	13
12809	73	38	13
12810	53	38	13
12811	46	38	13
12812	248	38	13
12813	254	38	13
12814	80	38	13
12815	19	38	13
12816	84	38	13
12817	56	38	13
12818	37	38	13
12819	10	38	13
12820	11	38	13
12821	50	38	13
12822	111	38	13
12823	198	38	13
12824	33	38	13
12825	251	38	13
12826	6	38	13
12827	15	38	13
12828	16	38	13
12829	253	38	13
12830	21	38	14
12831	34	38	14
12832	13	38	14
12833	54	38	14
12834	8	38	14
12835	106	38	14
12836	5	38	14
12837	18	38	14
12838	55	38	14
12839	252	38	14
12840	14	38	14
12841	9	38	14
12842	72	38	14
12843	42	38	14
12844	73	38	14
12845	119	38	14
12846	53	38	14
12847	46	38	14
12848	248	38	14
12849	254	38	14
12850	80	38	14
12851	19	38	14
12852	84	38	14
12853	56	38	14
12854	255	38	14
12855	20	38	14
12856	37	38	14
12857	10	38	14
12858	11	38	14
12859	50	38	14
12860	111	38	14
12861	198	38	14
12862	33	38	14
12863	251	38	14
12864	6	38	14
12865	256	38	14
12866	15	38	14
12867	16	38	14
12868	253	38	14
12869	21	38	15
12870	257	38	15
12871	13	38	15
12872	54	38	15
12873	8	38	15
12874	106	38	15
12875	5	38	15
12876	18	38	15
12877	252	38	15
12878	14	38	15
12879	9	38	15
12880	72	38	15
12881	73	38	15
12882	119	38	15
12883	53	38	15
12884	46	38	15
12885	248	38	15
12886	254	38	15
12887	19	38	15
12888	84	38	15
12889	255	38	15
12890	20	38	15
12891	37	38	15
12892	10	38	15
12893	11	38	15
12894	50	38	15
12895	198	38	15
12896	33	38	15
12897	251	38	15
12898	6	38	15
12899	256	38	15
12900	15	38	15
12901	16	38	15
12902	253	38	15
12903	21	38	16
12904	257	38	16
12905	13	38	16
12906	54	38	16
12907	8	38	16
12908	106	38	16
12909	5	38	16
12910	18	38	16
12911	252	38	16
12912	14	38	16
12913	9	38	16
12914	72	38	16
12915	73	38	16
12916	119	38	16
12917	53	38	16
12918	46	38	16
12919	248	38	16
12920	254	38	16
12921	19	38	16
12922	84	38	16
12923	255	38	16
12924	20	38	16
12925	37	38	16
12926	10	38	16
12927	11	38	16
12928	50	38	16
12929	198	38	16
12930	33	38	16
12931	251	38	16
12932	6	38	16
12933	256	38	16
12934	15	38	16
12935	3	38	16
12936	16	38	16
12937	253	38	16
12938	21	38	17
12939	257	38	17
12940	13	38	17
12941	54	38	17
12942	5	38	17
12943	18	38	17
12944	252	38	17
12945	14	38	17
12946	9	38	17
12947	73	38	17
12948	119	38	17
12949	53	38	17
12950	46	38	17
12951	248	38	17
12952	254	38	17
12953	19	38	17
12954	84	38	17
12955	255	38	17
12956	20	38	17
12957	10	38	17
12958	48	38	17
12959	11	38	17
12960	50	38	17
12961	198	38	17
12962	33	38	17
12963	251	38	17
12964	6	38	17
12965	256	38	17
12966	15	38	17
12967	3	38	17
12968	16	38	17
12969	40	38	17
12970	17	38	17
12971	253	38	17
12972	21	38	18
12973	257	38	18
12974	13	38	18
12975	54	38	18
12976	5	38	18
12977	252	38	18
12978	14	38	18
12979	9	38	18
12980	73	38	18
12981	1	38	18
12982	53	38	18
12983	46	38	18
12984	248	38	18
12985	254	38	18
12986	77	38	18
12987	19	38	18
12988	84	38	18
12989	131	38	18
12990	255	38	18
12991	20	38	18
12992	48	38	18
12993	11	38	18
12994	50	38	18
12995	198	38	18
12996	22	38	18
12997	33	38	18
12998	251	38	18
12999	6	38	18
13000	15	38	18
13001	3	38	18
13002	16	38	18
13003	40	38	18
13004	17	38	18
13005	253	38	18
13006	21	38	19
13007	13	38	19
13008	54	38	19
13009	62	38	19
13010	24	38	19
13011	5	38	19
13012	252	38	19
13013	146	38	19
13014	73	38	19
13015	1	38	19
13016	53	38	19
13017	46	38	19
13018	248	38	19
13019	77	38	19
13020	19	38	19
13021	84	38	19
13022	131	38	19
13023	255	38	19
13024	20	38	19
13025	48	38	19
13026	11	38	19
13027	2	38	19
13028	50	38	19
13029	141	38	19
13030	22	38	19
13031	33	38	19
13032	249	38	19
13033	6	38	19
13034	3	38	19
13035	16	38	19
13036	40	38	19
13037	17	38	19
13038	21	38	20
13039	62	38	20
13040	24	38	20
13041	5	38	20
13042	146	38	20
13043	73	38	20
13044	1	38	20
13045	53	38	20
13046	46	38	20
13047	248	38	20
13048	77	38	20
13049	84	38	20
13050	131	38	20
13051	2	38	20
13052	50	38	20
13053	141	38	20
13054	22	38	20
13055	249	38	20
13056	6	38	20
13057	3	38	20
13058	40	38	20
13059	17	38	20
13060	21	38	21
13061	62	38	21
13062	24	38	21
13063	5	38	21
13064	146	38	21
13065	73	38	21
13066	1	38	21
13067	53	38	21
13068	46	38	21
13069	248	38	21
13070	77	38	21
13071	84	38	21
13072	131	38	21
13073	2	38	21
13074	141	38	21
13075	249	38	21
13076	3	38	21
13077	40	38	21
13078	17	38	21
13079	21	38	22
13080	73	38	22
13081	1	38	22
13082	53	38	22
13083	46	38	22
13084	248	38	22
13085	77	38	22
13086	84	38	22
13087	131	38	22
13088	2	38	22
13089	141	38	22
13090	249	38	22
13091	3	38	22
13092	40	38	22
13093	17	38	22
13094	73	38	23
13095	53	38	23
13096	46	38	23
13097	248	38	23
13098	84	38	23
13099	2	38	23
13100	249	38	23
13101	3	38	23
13102	73	38	24
13103	53	38	24
13104	46	38	24
13105	248	38	24
13106	84	38	24
13107	2	38	24
13108	249	38	24
13109	3	38	24
13110	34	39	1
13111	24	39	1
13112	5	39	1
13113	23	39	1
13114	27	39	1
13115	35	39	1
13116	74	39	1
13117	1	39	1
13118	53	39	1
13119	84	39	1
13120	87	39	1
13121	2	39	1
13122	92	39	1
13123	30	39	1
13124	3	39	1
13125	16	39	1
13126	40	39	1
13127	34	39	2
13128	24	39	2
13129	5	39	2
13130	23	39	2
13131	27	39	2
13132	35	39	2
13133	74	39	2
13134	1	39	2
13135	53	39	2
13136	84	39	2
13137	87	39	2
13138	2	39	2
13139	92	39	2
13140	30	39	2
13141	3	39	2
13142	16	39	2
13143	40	39	2
13144	34	39	3
13145	24	39	3
13146	5	39	3
13147	23	39	3
13148	27	39	3
13149	35	39	3
13150	74	39	3
13151	1	39	3
13152	53	39	3
13153	84	39	3
13154	87	39	3
13155	92	39	3
13156	3	39	3
13157	16	39	3
13158	40	39	3
13159	34	39	4
13160	24	39	4
13161	5	39	4
13162	23	39	4
13163	27	39	4
13164	35	39	4
13165	74	39	4
13166	1	39	4
13167	53	39	4
13168	84	39	4
13169	87	39	4
13170	92	39	4
13171	3	39	4
13172	16	39	4
13173	40	39	4
13174	24	39	5
13175	5	39	5
13176	23	39	5
13177	27	39	5
13178	35	39	5
13179	74	39	5
13180	1	39	5
13181	53	39	5
13182	84	39	5
13183	37	39	5
13184	87	39	5
13185	92	39	5
13186	4	39	5
13187	3	39	5
13188	16	39	5
13189	24	39	6
13190	5	39	6
13191	23	39	6
13192	27	39	6
13193	35	39	6
13194	74	39	6
13195	1	39	6
13196	53	39	6
13197	84	39	6
13198	37	39	6
13199	87	39	6
13200	92	39	6
13201	4	39	6
13202	3	39	6
13203	16	39	6
13204	54	39	7
13205	5	39	7
13206	23	39	7
13207	27	39	7
13208	35	39	7
13209	14	39	7
13210	74	39	7
13211	1	39	7
13212	53	39	7
13213	84	39	7
13214	37	39	7
13215	87	39	7
13216	10	39	7
13217	12	39	7
13218	92	39	7
13219	4	39	7
13220	30	39	7
13221	3	39	7
13222	16	39	7
13223	40	39	7
13224	54	39	8
13225	5	39	8
13226	23	39	8
13227	27	39	8
13228	35	39	8
13229	14	39	8
13230	74	39	8
13231	1	39	8
13232	53	39	8
13233	84	39	8
13234	37	39	8
13235	87	39	8
13236	10	39	8
13237	12	39	8
13238	92	39	8
13239	4	39	8
13240	30	39	8
13241	3	39	8
13242	16	39	8
13243	40	39	8
13244	54	39	9
13245	8	39	9
13246	5	39	9
13247	18	39	9
13248	23	39	9
13249	14	39	9
13250	74	39	9
13251	53	39	9
13252	143	39	9
13253	25	39	9
13254	84	39	9
13255	56	39	9
13256	37	39	9
13257	87	39	9
13258	10	39	9
13259	48	39	9
13260	50	39	9
13261	12	39	9
13262	30	39	9
13263	3	39	9
13264	16	39	9
13265	40	39	9
13266	17	39	9
13267	54	39	10
13268	8	39	10
13269	5	39	10
13270	18	39	10
13271	23	39	10
13272	14	39	10
13273	74	39	10
13274	53	39	10
13275	143	39	10
13276	25	39	10
13277	84	39	10
13278	56	39	10
13279	37	39	10
13280	87	39	10
13281	10	39	10
13282	48	39	10
13283	50	39	10
13284	12	39	10
13285	30	39	10
13286	3	39	10
13287	16	39	10
13288	40	39	10
13289	17	39	10
13290	21	39	11
13291	54	39	11
13292	8	39	11
13293	5	39	11
13294	18	39	11
13295	23	39	11
13296	14	39	11
13297	53	39	11
13298	143	39	11
13299	25	39	11
13300	84	39	11
13301	56	39	11
13302	37	39	11
13303	10	39	11
13304	48	39	11
13305	50	39	11
13306	111	39	11
13307	12	39	11
13308	16	39	11
13309	40	39	11
13310	17	39	11
13311	21	39	12
13312	54	39	12
13313	8	39	12
13314	5	39	12
13315	18	39	12
13316	23	39	12
13317	14	39	12
13318	53	39	12
13319	143	39	12
13320	25	39	12
13321	84	39	12
13322	56	39	12
13323	37	39	12
13324	10	39	12
13325	48	39	12
13326	50	39	12
13327	111	39	12
13328	12	39	12
13329	16	39	12
13330	40	39	12
13331	17	39	12
13332	21	39	13
13333	8	39	13
13334	5	39	13
13335	18	39	13
13336	23	39	13
13337	14	39	13
13338	53	39	13
13339	143	39	13
13340	84	39	13
13341	56	39	13
13342	37	39	13
13343	10	39	13
13344	48	39	13
13345	50	39	13
13346	111	39	13
13347	12	39	13
13348	30	39	13
13349	16	39	13
13350	40	39	13
13351	17	39	13
13352	21	39	14
13353	8	39	14
13354	5	39	14
13355	18	39	14
13356	23	39	14
13357	14	39	14
13358	53	39	14
13359	143	39	14
13360	84	39	14
13361	56	39	14
13362	37	39	14
13363	10	39	14
13364	48	39	14
13365	50	39	14
13366	111	39	14
13367	12	39	14
13368	30	39	14
13369	16	39	14
13370	40	39	14
13371	17	39	14
13372	21	39	15
13373	5	39	15
13374	23	39	15
13375	14	39	15
13376	53	39	15
13377	84	39	15
13378	37	39	15
13379	10	39	15
13380	48	39	15
13381	50	39	15
13382	12	39	15
13383	30	39	15
13384	3	39	15
13385	16	39	15
13386	40	39	15
13387	17	39	15
13388	21	39	16
13389	5	39	16
13390	23	39	16
13391	14	39	16
13392	53	39	16
13393	84	39	16
13394	37	39	16
13395	10	39	16
13396	48	39	16
13397	50	39	16
13398	12	39	16
13399	30	39	16
13400	3	39	16
13401	16	39	16
13402	40	39	16
13403	17	39	16
13404	21	39	17
13405	5	39	17
13406	23	39	17
13407	14	39	17
13408	53	39	17
13409	84	39	17
13410	50	39	17
13411	89	39	17
13412	12	39	17
13413	30	39	17
13414	3	39	17
13415	16	39	17
13416	40	39	17
13417	17	39	17
13418	21	39	18
13419	5	39	18
13420	23	39	18
13421	14	39	18
13422	53	39	18
13423	84	39	18
13424	50	39	18
13425	89	39	18
13426	12	39	18
13427	30	39	18
13428	3	39	18
13429	16	39	18
13430	40	39	18
13431	17	39	18
13432	21	39	19
13433	5	39	19
13434	18	39	19
13435	23	39	19
13436	14	39	19
13437	74	39	19
13438	1	39	19
13439	53	39	19
13440	143	39	19
13441	84	39	19
13442	87	39	19
13443	2	39	19
13444	50	39	19
13445	89	39	19
13446	30	39	19
13447	3	39	19
13448	16	39	19
13449	40	39	19
13450	17	39	19
13451	21	39	20
13452	5	39	20
13453	18	39	20
13454	23	39	20
13455	14	39	20
13456	74	39	20
13457	1	39	20
13458	53	39	20
13459	143	39	20
13460	84	39	20
13461	87	39	20
13462	2	39	20
13463	50	39	20
13464	89	39	20
13465	30	39	20
13466	3	39	20
13467	16	39	20
13468	40	39	20
13469	17	39	20
13470	21	39	21
13471	34	39	21
13472	24	39	21
13473	5	39	21
13474	18	39	21
13475	23	39	21
13476	27	39	21
13477	14	39	21
13478	74	39	21
13479	1	39	21
13480	53	39	21
13481	143	39	21
13482	87	39	21
13483	2	39	21
13484	50	39	21
13485	92	39	21
13486	30	39	21
13487	3	39	21
13488	16	39	21
13489	40	39	21
13490	17	39	21
13491	21	39	22
13492	34	39	22
13493	24	39	22
13494	5	39	22
13495	18	39	22
13496	23	39	22
13497	27	39	22
13498	14	39	22
13499	74	39	22
13500	1	39	22
13501	53	39	22
13502	143	39	22
13503	87	39	22
13504	2	39	22
13505	50	39	22
13506	92	39	22
13507	30	39	22
13508	3	39	22
13509	16	39	22
13510	40	39	22
13511	17	39	22
13512	34	39	23
13513	24	39	23
13514	5	39	23
13515	23	39	23
13516	27	39	23
13517	35	39	23
13518	14	39	23
13519	74	39	23
13520	1	39	23
13521	53	39	23
13522	84	39	23
13523	87	39	23
13524	2	39	23
13525	50	39	23
13526	92	39	23
13527	30	39	23
13528	3	39	23
13529	16	39	23
13530	40	39	23
13531	34	39	24
13532	24	39	24
13533	5	39	24
13534	23	39	24
13535	27	39	24
13536	35	39	24
13537	14	39	24
13538	74	39	24
13539	1	39	24
13540	53	39	24
13541	84	39	24
13542	87	39	24
13543	2	39	24
13544	50	39	24
13545	92	39	24
13546	30	39	24
13547	3	39	24
13548	16	39	24
13549	40	39	24
13550	97	40	10
13551	52	40	10
13552	38	40	10
13553	97	40	11
13554	52	40	11
13555	106	40	11
13556	55	40	11
13557	1	40	11
13558	53	40	11
13559	12	40	11
13560	38	40	11
13561	4	40	11
13562	97	40	12
13563	52	40	12
13564	106	40	12
13565	24	40	12
13566	5	40	12
13567	55	40	12
13568	1	40	12
13569	53	40	12
13570	11	40	12
13571	12	40	12
13572	4	40	12
13573	34	40	13
13574	106	40	13
13575	24	40	13
13576	5	40	13
13577	18	40	13
13578	23	40	13
13579	35	40	13
13580	55	40	13
13581	42	40	13
13582	1	40	13
13583	53	40	13
13584	77	40	13
13585	56	40	13
13586	11	40	13
13587	12	40	13
13588	4	40	13
13589	30	40	13
13590	103	40	14
13591	31	40	14
13592	34	40	14
13593	8	40	14
13594	106	40	14
13595	24	40	14
13596	5	40	14
13597	18	40	14
13598	23	40	14
13599	35	40	14
13600	55	40	14
13601	14	40	14
13602	9	40	14
13603	42	40	14
13604	1	40	14
13605	53	40	14
13606	77	40	14
13607	56	40	14
13608	11	40	14
13609	50	40	14
13610	12	40	14
13611	225	40	14
13612	30	40	14
13613	15	40	14
13614	16	40	14
13615	103	40	15
13616	57	40	15
13617	31	40	15
13618	34	40	15
13619	8	40	15
13620	24	40	15
13621	5	40	15
13622	18	40	15
13623	23	40	15
13624	35	40	15
13625	14	40	15
13626	9	40	15
13627	42	40	15
13628	1	40	15
13629	53	40	15
13630	77	40	15
13631	56	40	15
13632	50	40	15
13633	12	40	15
13634	225	40	15
13635	30	40	15
13636	15	40	15
13637	16	40	15
13638	17	40	15
13639	43	40	15
13640	21	40	16
13641	103	40	16
13642	57	40	16
13643	31	40	16
13644	34	40	16
13645	54	40	16
13646	8	40	16
13647	24	40	16
13648	5	40	16
13649	18	40	16
13650	23	40	16
13651	35	40	16
13652	14	40	16
13653	9	40	16
13654	42	40	16
13655	1	40	16
13656	53	40	16
13657	77	40	16
13658	56	40	16
13659	48	40	16
13660	50	40	16
13661	12	40	16
13662	33	40	16
13663	225	40	16
13664	30	40	16
13665	15	40	16
13666	16	40	16
13667	17	40	16
13668	43	40	16
13669	21	40	17
13670	57	40	17
13671	31	40	17
13672	34	40	17
13673	54	40	17
13674	24	40	17
13675	41	40	17
13676	5	40	17
13677	18	40	17
13678	23	40	17
13679	14	40	17
13680	9	40	17
13681	1	40	17
13682	53	40	17
13683	77	40	17
13684	48	40	17
13685	50	40	17
13686	111	40	17
13687	12	40	17
13688	22	40	17
13689	33	40	17
13690	30	40	17
13691	15	40	17
13692	16	40	17
13693	17	40	17
13694	43	40	17
13695	21	40	18
13696	57	40	18
13697	34	40	18
13698	54	40	18
13699	24	40	18
13700	41	40	18
13701	5	40	18
13702	18	40	18
13703	23	40	18
13704	14	40	18
13705	9	40	18
13706	119	40	18
13707	1	40	18
13708	53	40	18
13709	77	40	18
13710	48	40	18
13711	50	40	18
13712	12	40	18
13713	22	40	18
13714	33	40	18
13715	30	40	18
13716	15	40	18
13717	16	40	18
13718	17	40	18
13719	43	40	18
13720	21	40	19
13721	57	40	19
13722	34	40	19
13723	24	40	19
13724	41	40	19
13725	5	40	19
13726	23	40	19
13727	194	40	19
13728	119	40	19
13729	1	40	19
13730	53	40	19
13731	77	40	19
13732	48	40	19
13733	12	40	19
13734	22	40	19
13735	43	40	19
13736	21	40	20
13737	57	40	20
13738	194	40	20
13739	119	40	20
13740	1	40	20
13741	53	40	20
13742	77	40	20
13743	22	40	20
13744	43	40	20
13745	77	40	21
13746	77	40	22
13747	1	41	5
13748	92	41	5
13749	1	41	6
13750	92	41	6
13751	1	41	7
13752	92	41	7
13753	52	41	8
13754	1	41	8
13755	92	41	8
13756	52	41	9
13757	1	41	9
13758	92	41	9
13759	4	41	9
13760	52	41	10
13761	1	41	10
13762	92	41	10
13763	4	41	10
13764	52	41	11
13765	14	41	11
13766	45	41	11
13767	1	41	11
13768	92	41	11
13769	4	41	11
13770	30	41	11
13771	8	41	12
13772	14	41	12
13773	45	41	12
13774	33	41	12
13775	30	41	12
13776	21	41	13
13777	54	41	13
13778	8	41	13
13779	18	41	13
13780	14	41	13
13781	45	41	13
13782	56	41	13
13783	10	41	13
13784	33	41	13
13785	30	41	13
13786	15	41	13
13787	16	41	13
13788	17	41	13
13789	21	41	14
13790	54	41	14
13791	8	41	14
13792	18	41	14
13793	14	41	14
13794	45	41	14
13795	56	41	14
13796	10	41	14
13797	50	41	14
13798	30	41	14
13799	15	41	14
13800	16	41	14
13801	17	41	14
13802	21	41	15
13803	54	41	15
13804	8	41	15
13805	18	41	15
13806	14	41	15
13807	119	41	15
13808	45	41	15
13809	56	41	15
13810	10	41	15
13811	50	41	15
13812	30	41	15
13813	15	41	15
13814	16	41	15
13815	17	41	15
13816	21	41	16
13817	54	41	16
13818	8	41	16
13819	18	41	16
13820	14	41	16
13821	119	41	16
13822	45	41	16
13823	56	41	16
13824	10	41	16
13825	50	41	16
13826	33	41	16
13827	30	41	16
13828	15	41	16
13829	16	41	16
13830	17	41	16
13831	21	41	17
13832	24	41	17
13833	14	41	17
13834	119	41	17
13835	45	41	17
13836	50	41	17
13837	22	41	17
13838	33	41	17
13839	30	41	17
13840	16	41	17
13841	17	41	17
13842	21	41	18
13843	24	41	18
13844	14	41	18
13845	119	41	18
13846	45	41	18
13847	50	41	18
13848	22	41	18
13849	33	41	18
13850	30	41	18
13851	16	41	18
13852	21	41	19
13853	24	41	19
13854	14	41	19
13855	119	41	19
13856	45	41	19
13857	1	41	19
13858	50	41	19
13859	22	41	19
13860	33	41	19
13861	92	41	19
13862	30	41	19
13863	16	41	19
13864	21	41	20
13865	24	41	20
13866	14	41	20
13867	119	41	20
13868	45	41	20
13869	1	41	20
13870	50	41	20
13871	22	41	20
13872	33	41	20
13873	92	41	20
13874	30	41	20
13875	16	41	20
13876	21	41	21
13877	24	41	21
13878	1	41	21
13879	50	41	21
13880	92	41	21
13881	21	41	22
13882	24	41	22
13883	1	41	22
13884	50	41	22
13885	92	41	22
13886	1	41	23
13887	92	41	23
13888	1	41	24
13889	92	41	24
13890	21	42	1
13891	23	42	1
13892	66	42	1
13893	72	42	1
13894	84	42	1
13895	37	42	1
13896	48	42	1
13897	12	42	1
13898	38	42	1
13899	43	42	1
13900	21	42	2
13901	23	42	2
13902	66	42	2
13903	72	42	2
13904	84	42	2
13905	37	42	2
13906	48	42	2
13907	12	42	2
13908	38	42	2
13909	43	42	2
13910	21	42	3
13911	23	42	3
13912	66	42	3
13913	72	42	3
13914	84	42	3
13915	37	42	3
13916	48	42	3
13917	12	42	3
13918	38	42	3
13919	43	42	3
13920	21	42	4
13921	23	42	4
13922	66	42	4
13923	72	42	4
13924	84	42	4
13925	37	42	4
13926	48	42	4
13927	12	42	4
13928	38	42	4
13929	43	42	4
13930	21	42	5
13931	23	42	5
13932	66	42	5
13933	72	42	5
13934	84	42	5
13935	37	42	5
13936	48	42	5
13937	12	42	5
13938	38	42	5
13939	43	42	5
13940	21	42	6
13941	23	42	6
13942	66	42	6
13943	72	42	6
13944	84	42	6
13945	37	42	6
13946	48	42	6
13947	12	42	6
13948	38	42	6
13949	43	42	6
13950	21	42	7
13951	258	42	7
13952	27	42	7
13953	72	42	7
13954	259	42	7
13955	53	42	7
13956	260	42	7
13957	84	42	7
13958	11	42	7
13959	92	42	7
13960	261	42	7
13961	21	42	8
13962	258	42	8
13963	27	42	8
13964	72	42	8
13965	259	42	8
13966	53	42	8
13967	260	42	8
13968	84	42	8
13969	11	42	8
13970	92	42	8
13971	261	42	8
13972	21	42	9
13973	262	42	9
13974	52	42	9
13975	258	42	9
13976	27	42	9
13977	72	42	9
13978	259	42	9
13979	53	42	9
13980	260	42	9
13981	84	42	9
13982	11	42	9
13983	28	42	9
13984	38	42	9
13985	92	42	9
13986	21	42	10
13987	262	42	10
13988	52	42	10
13989	258	42	10
13990	34	42	10
13991	27	42	10
13992	72	42	10
13993	259	42	10
13994	53	42	10
13995	260	42	10
13996	84	42	10
13997	11	42	10
13998	28	42	10
13999	38	42	10
14000	92	42	10
14001	21	42	11
14002	262	42	11
14003	52	42	11
14004	258	42	11
14005	34	42	11
14006	54	42	11
14007	8	42	11
14008	23	42	11
14009	27	42	11
14010	64	42	11
14011	66	42	11
14012	14	42	11
14013	9	42	11
14014	72	42	11
14015	42	42	11
14016	45	42	11
14017	259	42	11
14018	263	42	11
14019	77	42	11
14020	110	42	11
14021	53	42	11
14022	264	42	11
14023	100	42	11
14024	260	42	11
14025	80	42	11
14026	47	42	11
14027	84	42	11
14028	56	42	11
14029	37	42	11
14030	10	42	11
14031	11	42	11
14032	50	42	11
14033	111	42	11
14034	12	42	11
14035	28	42	11
14036	38	42	11
14037	39	42	11
14038	113	42	11
14039	92	42	11
14040	4	42	11
14041	196	42	11
14042	15	42	11
14043	16	42	11
14044	21	42	12
14045	103	42	12
14046	262	42	12
14047	52	42	12
14048	258	42	12
14049	34	42	12
14050	54	42	12
14051	8	42	12
14052	24	42	12
14053	5	42	12
14054	23	42	12
14055	27	42	12
14056	64	42	12
14057	66	42	12
14058	14	42	12
14059	32	42	12
14060	9	42	12
14061	72	42	12
14062	42	42	12
14063	45	42	12
14064	259	42	12
14065	263	42	12
14066	77	42	12
14067	110	42	12
14068	53	42	12
14069	264	42	12
14070	100	42	12
14071	260	42	12
14072	80	42	12
14073	47	42	12
14074	84	42	12
14075	56	42	12
14076	37	42	12
14077	10	42	12
14078	11	42	12
14079	50	42	12
14080	111	42	12
14081	12	42	12
14082	28	42	12
14083	33	42	12
14084	38	42	12
14085	39	42	12
14086	113	42	12
14087	92	42	12
14088	4	42	12
14089	30	42	12
14090	196	42	12
14091	15	42	12
14092	16	42	12
14093	40	42	12
14094	21	42	13
14095	103	42	13
14096	31	42	13
14097	34	42	13
14098	54	42	13
14099	8	42	13
14100	24	42	13
14101	5	42	13
14102	23	42	13
14103	27	42	13
14104	64	42	13
14105	66	42	13
14106	14	42	13
14107	32	42	13
14108	9	42	13
14109	72	42	13
14110	42	42	13
14111	45	42	13
14112	263	42	13
14113	77	42	13
14114	110	42	13
14115	264	42	13
14116	100	42	13
14117	260	42	13
14118	80	42	13
14119	47	42	13
14120	56	42	13
14121	37	42	13
14122	10	42	13
14123	11	42	13
14124	50	42	13
14125	111	42	13
14126	12	42	13
14127	28	42	13
14128	33	42	13
14129	39	42	13
14130	113	42	13
14131	92	42	13
14132	4	42	13
14133	30	42	13
14134	196	42	13
14135	15	42	13
14136	16	42	13
14137	40	42	13
14138	21	42	14
14139	103	42	14
14140	31	42	14
14141	34	42	14
14142	54	42	14
14143	8	42	14
14144	24	42	14
14145	5	42	14
14146	23	42	14
14147	27	42	14
14148	64	42	14
14149	66	42	14
14150	14	42	14
14151	32	42	14
14152	9	42	14
14153	72	42	14
14154	42	42	14
14155	45	42	14
14156	263	42	14
14157	77	42	14
14158	110	42	14
14159	264	42	14
14160	100	42	14
14161	260	42	14
14162	80	42	14
14163	47	42	14
14164	56	42	14
14165	37	42	14
14166	10	42	14
14167	11	42	14
14168	50	42	14
14169	111	42	14
14170	12	42	14
14171	28	42	14
14172	33	42	14
14173	39	42	14
14174	113	42	14
14175	92	42	14
14176	4	42	14
14177	30	42	14
14178	196	42	14
14179	15	42	14
14180	16	42	14
14181	40	42	14
14182	21	42	15
14183	103	42	15
14184	31	42	15
14185	34	42	15
14186	54	42	15
14187	8	42	15
14188	24	42	15
14189	5	42	15
14190	23	42	15
14191	27	42	15
14192	35	42	15
14193	64	42	15
14194	66	42	15
14195	14	42	15
14196	32	42	15
14197	9	42	15
14198	72	42	15
14199	42	42	15
14200	45	42	15
14201	263	42	15
14202	77	42	15
14203	110	42	15
14204	264	42	15
14205	100	42	15
14206	260	42	15
14207	80	42	15
14208	47	42	15
14209	56	42	15
14210	37	42	15
14211	10	42	15
14212	11	42	15
14213	50	42	15
14214	111	42	15
14215	12	42	15
14216	28	42	15
14217	33	42	15
14218	39	42	15
14219	113	42	15
14220	92	42	15
14221	4	42	15
14222	30	42	15
14223	196	42	15
14224	15	42	15
14225	16	42	15
14226	40	42	15
14227	21	42	16
14228	103	42	16
14229	31	42	16
14230	34	42	16
14231	54	42	16
14232	8	42	16
14233	24	42	16
14234	5	42	16
14235	23	42	16
14236	27	42	16
14237	35	42	16
14238	64	42	16
14239	66	42	16
14240	14	42	16
14241	32	42	16
14242	9	42	16
14243	72	42	16
14244	42	42	16
14245	45	42	16
14246	263	42	16
14247	77	42	16
14248	110	42	16
14249	264	42	16
14250	100	42	16
14251	260	42	16
14252	80	42	16
14253	47	42	16
14254	56	42	16
14255	37	42	16
14256	10	42	16
14257	11	42	16
14258	50	42	16
14259	111	42	16
14260	12	42	16
14261	28	42	16
14262	33	42	16
14263	39	42	16
14264	113	42	16
14265	92	42	16
14266	4	42	16
14267	30	42	16
14268	196	42	16
14269	15	42	16
14270	16	42	16
14271	40	42	16
14272	21	42	17
14273	57	42	17
14274	31	42	17
14275	34	42	17
14276	54	42	17
14277	8	42	17
14278	41	42	17
14279	5	42	17
14280	23	42	17
14281	203	42	17
14282	35	42	17
14283	64	42	17
14284	66	42	17
14285	194	42	17
14286	72	42	17
14287	119	42	17
14288	263	42	17
14289	77	42	17
14290	110	42	17
14291	264	42	17
14292	100	42	17
14293	260	42	17
14294	80	42	17
14295	84	42	17
14296	37	42	17
14297	88	42	17
14298	48	42	17
14299	50	42	17
14300	12	42	17
14301	22	42	17
14302	28	42	17
14303	33	42	17
14304	39	42	17
14305	113	42	17
14306	92	42	17
14307	30	42	17
14308	15	42	17
14309	16	42	17
14310	40	42	17
14311	43	42	17
14312	21	42	18
14313	57	42	18
14314	31	42	18
14315	34	42	18
14316	54	42	18
14317	8	42	18
14318	41	42	18
14319	5	42	18
14320	23	42	18
14321	203	42	18
14322	35	42	18
14323	64	42	18
14324	66	42	18
14325	194	42	18
14326	72	42	18
14327	119	42	18
14328	263	42	18
14329	77	42	18
14330	110	42	18
14331	264	42	18
14332	100	42	18
14333	260	42	18
14334	80	42	18
14335	84	42	18
14336	37	42	18
14337	88	42	18
14338	48	42	18
14339	50	42	18
14340	12	42	18
14341	22	42	18
14342	28	42	18
14343	33	42	18
14344	39	42	18
14345	113	42	18
14346	92	42	18
14347	30	42	18
14348	15	42	18
14349	16	42	18
14350	40	42	18
14351	43	42	18
14352	21	42	19
14353	57	42	19
14354	31	42	19
14355	34	42	19
14356	54	42	19
14357	8	42	19
14358	41	42	19
14359	5	42	19
14360	23	42	19
14361	203	42	19
14362	35	42	19
14363	64	42	19
14364	66	42	19
14365	194	42	19
14366	72	42	19
14367	119	42	19
14368	263	42	19
14369	77	42	19
14370	110	42	19
14371	264	42	19
14372	100	42	19
14373	260	42	19
14374	80	42	19
14375	84	42	19
14376	37	42	19
14377	88	42	19
14378	48	42	19
14379	50	42	19
14380	12	42	19
14381	22	42	19
14382	28	42	19
14383	33	42	19
14384	39	42	19
14385	113	42	19
14386	92	42	19
14387	30	42	19
14388	15	42	19
14389	16	42	19
14390	40	42	19
14391	43	42	19
14392	21	42	20
14393	57	42	20
14394	31	42	20
14395	34	42	20
14396	54	42	20
14397	8	42	20
14398	41	42	20
14399	5	42	20
14400	23	42	20
14401	203	42	20
14402	35	42	20
14403	64	42	20
14404	66	42	20
14405	194	42	20
14406	72	42	20
14407	119	42	20
14408	263	42	20
14409	77	42	20
14410	110	42	20
14411	264	42	20
14412	100	42	20
14413	260	42	20
14414	80	42	20
14415	84	42	20
14416	37	42	20
14417	88	42	20
14418	48	42	20
14419	50	42	20
14420	12	42	20
14421	22	42	20
14422	28	42	20
14423	33	42	20
14424	39	42	20
14425	113	42	20
14426	92	42	20
14427	30	42	20
14428	15	42	20
14429	16	42	20
14430	40	42	20
14431	43	42	20
14432	21	42	21
14433	57	42	21
14434	31	42	21
14435	34	42	21
14436	54	42	21
14437	8	42	21
14438	41	42	21
14439	5	42	21
14440	23	42	21
14441	203	42	21
14442	35	42	21
14443	64	42	21
14444	66	42	21
14445	194	42	21
14446	72	42	21
14447	119	42	21
14448	263	42	21
14449	77	42	21
14450	110	42	21
14451	264	42	21
14452	100	42	21
14453	260	42	21
14454	80	42	21
14455	84	42	21
14456	37	42	21
14457	88	42	21
14458	48	42	21
14459	12	42	21
14460	22	42	21
14461	28	42	21
14462	33	42	21
14463	39	42	21
14464	113	42	21
14465	92	42	21
14466	40	42	21
14467	43	42	21
14468	21	42	22
14469	57	42	22
14470	31	42	22
14471	34	42	22
14472	54	42	22
14473	8	42	22
14474	41	42	22
14475	5	42	22
14476	23	42	22
14477	203	42	22
14478	35	42	22
14479	64	42	22
14480	66	42	22
14481	194	42	22
14482	72	42	22
14483	119	42	22
14484	263	42	22
14485	77	42	22
14486	110	42	22
14487	264	42	22
14488	100	42	22
14489	260	42	22
14490	80	42	22
14491	84	42	22
14492	37	42	22
14493	88	42	22
14494	48	42	22
14495	12	42	22
14496	22	42	22
14497	28	42	22
14498	33	42	22
14499	39	42	22
14500	113	42	22
14501	92	42	22
14502	40	42	22
14503	43	42	22
14504	21	42	23
14505	23	42	23
14506	66	42	23
14507	72	42	23
14508	84	42	23
14509	37	42	23
14510	48	42	23
14511	12	42	23
14512	38	42	23
14513	43	42	23
14514	21	42	24
14515	23	42	24
14516	66	42	24
14517	72	42	24
14518	84	42	24
14519	37	42	24
14520	48	42	24
14521	12	42	24
14522	38	42	24
14523	43	42	24
14524	234	43	10
14525	53	43	10
14526	234	43	11
14527	53	43	11
14528	53	43	12
14529	11	43	12
14530	12	43	12
14531	4	43	12
14532	53	43	13
14533	11	43	13
14534	12	43	13
14535	4	43	13
14536	31	43	14
14537	23	43	14
14538	14	43	14
14539	53	43	14
14540	37	43	14
14541	50	43	14
14542	12	43	14
14543	33	43	14
14544	15	43	14
14545	16	43	14
14546	31	43	15
14547	23	43	15
14548	14	43	15
14549	53	43	15
14550	176	43	15
14551	37	43	15
14552	50	43	15
14553	12	43	15
14554	33	43	15
14555	15	43	15
14556	16	43	15
14557	21	43	16
14558	31	43	16
14559	23	43	16
14560	14	43	16
14561	53	43	16
14562	176	43	16
14563	37	43	16
14564	50	43	16
14565	12	43	16
14566	6	43	16
14567	15	43	16
14568	16	43	16
14569	17	43	16
14570	21	43	17
14571	31	43	17
14572	23	43	17
14573	14	43	17
14574	53	43	17
14575	176	43	17
14576	37	43	17
14577	50	43	17
14578	12	43	17
14579	22	43	17
14580	6	43	17
14581	15	43	17
14582	16	43	17
14583	17	43	17
14584	21	43	18
14585	23	43	18
14586	194	43	18
14587	53	43	18
14588	37	43	18
14589	12	43	18
14590	22	43	18
14591	6	43	18
14592	21	43	19
14593	23	43	19
14594	194	43	19
14595	37	43	19
14596	12	43	19
14597	22	43	19
14598	6	43	19
14599	21	43	20
14600	23	43	20
14601	194	43	20
14602	37	43	20
14603	12	43	20
14604	22	43	20
14605	6	43	20
\.


--
-- Name: farmlyvore_foodlink_id_seq; Type: SEQUENCE SET; Schema: public; Owner: postgres
--

SELECT pg_catalog.setval('farmlyvore_foodlink_id_seq', 14605, true);


--
-- Data for Name: farmlyvore_place; Type: TABLE DATA; Schema: public; Owner: postgres
--

COPY farmlyvore_place (id, place, zipcode) FROM stdin;
1	Alabama	0
2	Alaska	0
3	Arizona	0
4	Arkansas	0
5	California	0
6	Colorado	0
7	Connecticut	0
8	Delaware	0
9	Florida	0
10	Georgia	0
11	Illinois	0
12	Indiana	0
13	Iowa	0
14	Kansas	0
15	Kentucky	0
16	Louisiana	0
17	Maine	0
18	Maryland	0
19	Massachusetts	0
20	Michigan	0
21	Minnesota	0
22	Mississippi	0
23	Missouri	0
24	Montana	0
25	Nevada	0
26	New Hampshire	0
27	New Jersey	0
28	New Mexico	0
29	New York	0
30	North Carolina	0
31	North Dakota	0
32	Ohio	0
33	Oklahoma	0
34	Oregon	0
35	Pennsylvania	0
36	Rhode Island	0
37	South Carolina	0
38	Tennessee	0
39	Texas	0
40	Vermont	0
41	Virginia	0
42	Washington	0
43	Wisconsin	0
\.


--
-- Name: farmlyvore_place_id_seq; Type: SEQUENCE SET; Schema: public; Owner: postgres
--

SELECT pg_catalog.setval('farmlyvore_place_id_seq', 43, true);


--
-- Data for Name: farmlyvore_season; Type: TABLE DATA; Schema: public; Owner: postgres
--

COPY farmlyvore_season (id, season, approx_date) FROM stdin;
23	December (early)	2014-12-01
24	December (late)	2014-12-15
22	November (late)	2014-11-15
21	November (early)	2014-11-01
20	October (late)	2014-10-15
19	October (early)	2014-10-01
18	September (late)	2014-09-15
17	September (early)	2014-09-01
16	August (late)	2014-08-15
15	August (early)	2014-08-01
14	July (late)	2014-07-15
13	July (early)	2014-07-01
12	June (late)	2014-06-15
11	June (early)	2014-06-01
10	May (late)	2014-05-15
9	May (early)	2014-05-01
8	April (late)	2014-04-15
7	April (early)	2014-04-01
6	March (late)	2014-03-15
5	March (early)	2014-03-01
4	February (late)	2014-02-15
3	February (early)	2014-02-01
2	January (late)	2014-01-15
1	January (early)	2014-01-01
\.


--
-- Name: farmlyvore_season_id_seq; Type: SEQUENCE SET; Schema: public; Owner: postgres
--

SELECT pg_catalog.setval('farmlyvore_season_id_seq', 24, true);


--
-- Name: auth_group_name_key; Type: CONSTRAINT; Schema: public; Owner: postgres; Tablespace: 
--

ALTER TABLE ONLY auth_group
    ADD CONSTRAINT auth_group_name_key UNIQUE (name);


--
-- Name: auth_group_permissions_group_id_permission_id_key; Type: CONSTRAINT; Schema: public; Owner: postgres; Tablespace: 
--

ALTER TABLE ONLY auth_group_permissions
    ADD CONSTRAINT auth_group_permissions_group_id_permission_id_key UNIQUE (group_id, permission_id);


--
-- Name: auth_group_permissions_pkey; Type: CONSTRAINT; Schema: public; Owner: postgres; Tablespace: 
--

ALTER TABLE ONLY auth_group_permissions
    ADD CONSTRAINT auth_group_permissions_pkey PRIMARY KEY (id);


--
-- Name: auth_group_pkey; Type: CONSTRAINT; Schema: public; Owner: postgres; Tablespace: 
--

ALTER TABLE ONLY auth_group
    ADD CONSTRAINT auth_group_pkey PRIMARY KEY (id);


--
-- Name: auth_permission_content_type_id_codename_key; Type: CONSTRAINT; Schema: public; Owner: postgres; Tablespace: 
--

ALTER TABLE ONLY auth_permission
    ADD CONSTRAINT auth_permission_content_type_id_codename_key UNIQUE (content_type_id, codename);


--
-- Name: auth_permission_pkey; Type: CONSTRAINT; Schema: public; Owner: postgres; Tablespace: 
--

ALTER TABLE ONLY auth_permission
    ADD CONSTRAINT auth_permission_pkey PRIMARY KEY (id);


--
-- Name: auth_user_groups_pkey; Type: CONSTRAINT; Schema: public; Owner: postgres; Tablespace: 
--

ALTER TABLE ONLY auth_user_groups
    ADD CONSTRAINT auth_user_groups_pkey PRIMARY KEY (id);


--
-- Name: auth_user_groups_user_id_group_id_key; Type: CONSTRAINT; Schema: public; Owner: postgres; Tablespace: 
--

ALTER TABLE ONLY auth_user_groups
    ADD CONSTRAINT auth_user_groups_user_id_group_id_key UNIQUE (user_id, group_id);


--
-- Name: auth_user_pkey; Type: CONSTRAINT; Schema: public; Owner: postgres; Tablespace: 
--

ALTER TABLE ONLY auth_user
    ADD CONSTRAINT auth_user_pkey PRIMARY KEY (id);


--
-- Name: auth_user_user_permissions_pkey; Type: CONSTRAINT; Schema: public; Owner: postgres; Tablespace: 
--

ALTER TABLE ONLY auth_user_user_permissions
    ADD CONSTRAINT auth_user_user_permissions_pkey PRIMARY KEY (id);


--
-- Name: auth_user_user_permissions_user_id_permission_id_key; Type: CONSTRAINT; Schema: public; Owner: postgres; Tablespace: 
--

ALTER TABLE ONLY auth_user_user_permissions
    ADD CONSTRAINT auth_user_user_permissions_user_id_permission_id_key UNIQUE (user_id, permission_id);


--
-- Name: auth_user_username_key; Type: CONSTRAINT; Schema: public; Owner: postgres; Tablespace: 
--

ALTER TABLE ONLY auth_user
    ADD CONSTRAINT auth_user_username_key UNIQUE (username);


--
-- Name: django_admin_log_pkey; Type: CONSTRAINT; Schema: public; Owner: postgres; Tablespace: 
--

ALTER TABLE ONLY django_admin_log
    ADD CONSTRAINT django_admin_log_pkey PRIMARY KEY (id);


--
-- Name: django_content_type_app_label_3ec8c61c_uniq; Type: CONSTRAINT; Schema: public; Owner: postgres; Tablespace: 
--

ALTER TABLE ONLY django_content_type
    ADD CONSTRAINT django_content_type_app_label_3ec8c61c_uniq UNIQUE (app_label, model);


--
-- Name: django_content_type_pkey; Type: CONSTRAINT; Schema: public; Owner: postgres; Tablespace: 
--

ALTER TABLE ONLY django_content_type
    ADD CONSTRAINT django_content_type_pkey PRIMARY KEY (id);


--
-- Name: django_migrations_pkey; Type: CONSTRAINT; Schema: public; Owner: postgres; Tablespace: 
--

ALTER TABLE ONLY django_migrations
    ADD CONSTRAINT django_migrations_pkey PRIMARY KEY (id);


--
-- Name: django_session_pkey; Type: CONSTRAINT; Schema: public; Owner: postgres; Tablespace: 
--

ALTER TABLE ONLY django_session
    ADD CONSTRAINT django_session_pkey PRIMARY KEY (session_key);


--
-- Name: farmlyvore_food_pkey; Type: CONSTRAINT; Schema: public; Owner: postgres; Tablespace: 
--

ALTER TABLE ONLY farmlyvore_food
    ADD CONSTRAINT farmlyvore_food_pkey PRIMARY KEY (id);


--
-- Name: farmlyvore_foodlink_pkey; Type: CONSTRAINT; Schema: public; Owner: postgres; Tablespace: 
--

ALTER TABLE ONLY farmlyvore_foodlink
    ADD CONSTRAINT farmlyvore_foodlink_pkey PRIMARY KEY (id);


--
-- Name: farmlyvore_place_pkey; Type: CONSTRAINT; Schema: public; Owner: postgres; Tablespace: 
--

ALTER TABLE ONLY farmlyvore_place
    ADD CONSTRAINT farmlyvore_place_pkey PRIMARY KEY (id);


--
-- Name: farmlyvore_season_pkey; Type: CONSTRAINT; Schema: public; Owner: postgres; Tablespace: 
--

ALTER TABLE ONLY farmlyvore_season
    ADD CONSTRAINT farmlyvore_season_pkey PRIMARY KEY (id);


--
-- Name: auth_group_permissions_0e939a4f; Type: INDEX; Schema: public; Owner: postgres; Tablespace: 
--

CREATE INDEX auth_group_permissions_0e939a4f ON auth_group_permissions USING btree (group_id);


--
-- Name: auth_group_permissions_8373b171; Type: INDEX; Schema: public; Owner: postgres; Tablespace: 
--

CREATE INDEX auth_group_permissions_8373b171 ON auth_group_permissions USING btree (permission_id);


--
-- Name: auth_permission_417f1b1c; Type: INDEX; Schema: public; Owner: postgres; Tablespace: 
--

CREATE INDEX auth_permission_417f1b1c ON auth_permission USING btree (content_type_id);


--
-- Name: auth_user_groups_0e939a4f; Type: INDEX; Schema: public; Owner: postgres; Tablespace: 
--

CREATE INDEX auth_user_groups_0e939a4f ON auth_user_groups USING btree (group_id);


--
-- Name: auth_user_groups_e8701ad4; Type: INDEX; Schema: public; Owner: postgres; Tablespace: 
--

CREATE INDEX auth_user_groups_e8701ad4 ON auth_user_groups USING btree (user_id);


--
-- Name: auth_user_user_permissions_8373b171; Type: INDEX; Schema: public; Owner: postgres; Tablespace: 
--

CREATE INDEX auth_user_user_permissions_8373b171 ON auth_user_user_permissions USING btree (permission_id);


--
-- Name: auth_user_user_permissions_e8701ad4; Type: INDEX; Schema: public; Owner: postgres; Tablespace: 
--

CREATE INDEX auth_user_user_permissions_e8701ad4 ON auth_user_user_permissions USING btree (user_id);


--
-- Name: django_admin_log_417f1b1c; Type: INDEX; Schema: public; Owner: postgres; Tablespace: 
--

CREATE INDEX django_admin_log_417f1b1c ON django_admin_log USING btree (content_type_id);


--
-- Name: django_admin_log_e8701ad4; Type: INDEX; Schema: public; Owner: postgres; Tablespace: 
--

CREATE INDEX django_admin_log_e8701ad4 ON django_admin_log USING btree (user_id);


--
-- Name: django_session_de54fa62; Type: INDEX; Schema: public; Owner: postgres; Tablespace: 
--

CREATE INDEX django_session_de54fa62 ON django_session USING btree (expire_date);


--
-- Name: farmlyvore_foodlink_380b3cb5; Type: INDEX; Schema: public; Owner: postgres; Tablespace: 
--

CREATE INDEX farmlyvore_foodlink_380b3cb5 ON farmlyvore_foodlink USING btree (food_id);


--
-- Name: farmlyvore_foodlink_62becf4a; Type: INDEX; Schema: public; Owner: postgres; Tablespace: 
--

CREATE INDEX farmlyvore_foodlink_62becf4a ON farmlyvore_foodlink USING btree (place_id);


--
-- Name: farmlyvore_foodlink_b11701f0; Type: INDEX; Schema: public; Owner: postgres; Tablespace: 
--

CREATE INDEX farmlyvore_foodlink_b11701f0 ON farmlyvore_foodlink USING btree (season_id);


--
-- Name: auth_group_permiss_permission_id_23962d04_fk_auth_permission_id; Type: FK CONSTRAINT; Schema: public; Owner: postgres
--

ALTER TABLE ONLY auth_group_permissions
    ADD CONSTRAINT auth_group_permiss_permission_id_23962d04_fk_auth_permission_id FOREIGN KEY (permission_id) REFERENCES auth_permission(id) DEFERRABLE INITIALLY DEFERRED;


--
-- Name: auth_group_permissions_group_id_58c48ba9_fk_auth_group_id; Type: FK CONSTRAINT; Schema: public; Owner: postgres
--

ALTER TABLE ONLY auth_group_permissions
    ADD CONSTRAINT auth_group_permissions_group_id_58c48ba9_fk_auth_group_id FOREIGN KEY (group_id) REFERENCES auth_group(id) DEFERRABLE INITIALLY DEFERRED;


--
-- Name: auth_permiss_content_type_id_51277a81_fk_django_content_type_id; Type: FK CONSTRAINT; Schema: public; Owner: postgres
--

ALTER TABLE ONLY auth_permission
    ADD CONSTRAINT auth_permiss_content_type_id_51277a81_fk_django_content_type_id FOREIGN KEY (content_type_id) REFERENCES django_content_type(id) DEFERRABLE INITIALLY DEFERRED;


--
-- Name: auth_user_groups_group_id_30a071c9_fk_auth_group_id; Type: FK CONSTRAINT; Schema: public; Owner: postgres
--

ALTER TABLE ONLY auth_user_groups
    ADD CONSTRAINT auth_user_groups_group_id_30a071c9_fk_auth_group_id FOREIGN KEY (group_id) REFERENCES auth_group(id) DEFERRABLE INITIALLY DEFERRED;


--
-- Name: auth_user_groups_user_id_24702650_fk_auth_user_id; Type: FK CONSTRAINT; Schema: public; Owner: postgres
--

ALTER TABLE ONLY auth_user_groups
    ADD CONSTRAINT auth_user_groups_user_id_24702650_fk_auth_user_id FOREIGN KEY (user_id) REFERENCES auth_user(id) DEFERRABLE INITIALLY DEFERRED;


--
-- Name: auth_user_user_per_permission_id_3d7071f0_fk_auth_permission_id; Type: FK CONSTRAINT; Schema: public; Owner: postgres
--

ALTER TABLE ONLY auth_user_user_permissions
    ADD CONSTRAINT auth_user_user_per_permission_id_3d7071f0_fk_auth_permission_id FOREIGN KEY (permission_id) REFERENCES auth_permission(id) DEFERRABLE INITIALLY DEFERRED;


--
-- Name: auth_user_user_permissions_user_id_7cd7acb6_fk_auth_user_id; Type: FK CONSTRAINT; Schema: public; Owner: postgres
--

ALTER TABLE ONLY auth_user_user_permissions
    ADD CONSTRAINT auth_user_user_permissions_user_id_7cd7acb6_fk_auth_user_id FOREIGN KEY (user_id) REFERENCES auth_user(id) DEFERRABLE INITIALLY DEFERRED;


--
-- Name: django_admin_content_type_id_5151027a_fk_django_content_type_id; Type: FK CONSTRAINT; Schema: public; Owner: postgres
--

ALTER TABLE ONLY django_admin_log
    ADD CONSTRAINT django_admin_content_type_id_5151027a_fk_django_content_type_id FOREIGN KEY (content_type_id) REFERENCES django_content_type(id) DEFERRABLE INITIALLY DEFERRED;


--
-- Name: django_admin_log_user_id_1c5f563_fk_auth_user_id; Type: FK CONSTRAINT; Schema: public; Owner: postgres
--

ALTER TABLE ONLY django_admin_log
    ADD CONSTRAINT django_admin_log_user_id_1c5f563_fk_auth_user_id FOREIGN KEY (user_id) REFERENCES auth_user(id) DEFERRABLE INITIALLY DEFERRED;


--
-- Name: farmlyvore_foodlink_food_id_634f5ca1_fk_farmlyvore_food_id; Type: FK CONSTRAINT; Schema: public; Owner: postgres
--

ALTER TABLE ONLY farmlyvore_foodlink
    ADD CONSTRAINT farmlyvore_foodlink_food_id_634f5ca1_fk_farmlyvore_food_id FOREIGN KEY (food_id) REFERENCES farmlyvore_food(id) DEFERRABLE INITIALLY DEFERRED;


--
-- Name: farmlyvore_foodlink_place_id_2d37c41_fk_farmlyvore_place_id; Type: FK CONSTRAINT; Schema: public; Owner: postgres
--

ALTER TABLE ONLY farmlyvore_foodlink
    ADD CONSTRAINT farmlyvore_foodlink_place_id_2d37c41_fk_farmlyvore_place_id FOREIGN KEY (place_id) REFERENCES farmlyvore_place(id) DEFERRABLE INITIALLY DEFERRED;


--
-- Name: farmlyvore_foodlink_season_id_40ed45d2_fk_farmlyvore_season_id; Type: FK CONSTRAINT; Schema: public; Owner: postgres
--

ALTER TABLE ONLY farmlyvore_foodlink
    ADD CONSTRAINT farmlyvore_foodlink_season_id_40ed45d2_fk_farmlyvore_season_id FOREIGN KEY (season_id) REFERENCES farmlyvore_season(id) DEFERRABLE INITIALLY DEFERRED;


--
-- Name: public; Type: ACL; Schema: -; Owner: postgres
--

REVOKE ALL ON SCHEMA public FROM PUBLIC;
REVOKE ALL ON SCHEMA public FROM postgres;
GRANT ALL ON SCHEMA public TO postgres;
GRANT ALL ON SCHEMA public TO PUBLIC;


--
-- PostgreSQL database dump complete
--

